,acc_T,acc_T,acc_T,f1_T,f1_T,f1_T,Δacc_T,Δacc_T,Δacc_T,Δacc_T,Δf1_T,Δf1_T,Δf1_T,Δf1_T
dataset,GoEmotions,Friends,TEC,GoEmotions,Friends,TEC,GoEmotions,Friends,TEC,mean,GoEmotions,Friends,TEC,mean
variant,,,,,,,,,,,,,,
− distillation (gold labels only),0.7791305951957413,0.7264784230154501,0.5393583120558954,0.7795565482537664,0.7160304958270709,0.525964630705894,-0.00884162812454703,0.009092523530456309,0.02448389842250076,0.00824493127613668,-0.004705716951421524,-8.854283275516739e-05,0.010103138013524693,0.001769626076449334
− teacher smoothing,0.7931243493958441,0.7208666311489966,0.5160224056370366,0.7852302435925069,0.7164735270129247,0.5152763617988171,0.0051521260755557075,0.0034807316640028674,0.0011479920036420177,0.003260283247733531,0.0009679783873189907,0.00035448835309859206,-0.000585130893552277,0.00024577861562176856
− per-group calibration (one global),0.7884992950415728,0.7174924524951164,0.515072343289195,0.7848548829694635,0.7159327110283993,0.5160927579740443,0.0005270717212844112,0.00010655301012263418,0.00019792965580045507,0.0002771847957358335,0.0005926177642755492,-0.00018632763142678588,0.00023126528167494165,0.00021251847150790168
DA-HGNN-F (full),0.7879722233202884,0.7173858994849938,0.5148744136333946,0.7842622652051879,0.7161190386598261,0.5158614926923694,0.0,0.0,0.0,0.0,0.0,0.0,0.0,0.0
− score masking,0.7877482178387424,0.7174569348250754,0.5146962769431743,0.7841142052104672,0.7162325882442261,0.5157446776098518,-0.00022400548154599687,7.103534008168211e-05,-0.00017813669022026524,-0.00011036894389486,-0.0001480599947207839,0.00011354958440001894,-0.0001168150825175962,-5.044183094612039e-05
− label-space alignment,,,0.5170912257783584,,,0.5157649323245397,,,0.002216812144963831,0.002216812144963831,,,-9.656036782967892e-05,-9.656036782967892e-05
− tweet–tweet k-NN relation,0.7877350410457103,0.7174924524951164,0.5141024879757734,0.7849337461441981,0.7162556111556845,0.5147362437294594,-0.00023718227457802943,0.00010655301012263418,-0.0007719256576211864,-0.0003008516406921939,0.0006714809390101495,0.00013657249585841136,-0.001125248962909997,-0.00010573184268047875
− tweet–phrase–emotion relations,0.7882489359739626,0.7175634878351981,0.5154682026007956,0.7845353114482659,0.7158155509789207,0.5147372611191487,0.00027671265367423814,0.0001775883502043163,0.0005937889674010322,0.0003493633237598622,0.0002730462430780012,-0.0003034876809053788,-0.0011242315732206132,-0.0003848910036826636
− confidence weighting,0.7885388254206691,0.7175634878351981,0.5111929220355086,0.7841729252900125,0.7165908832934468,0.5131944069141922,0.0005666021003807309,0.0001775883502043163,-0.0036814915978859997,-0.0009791003824336508,-8.933991517545703e-05,0.0004718446336207105,-0.002667085778177203,-0.0007615270199106498
− soft targets (hard agreed labels),0.7874056212199075,0.711809625288581,0.5123013281079905,0.7841704975903143,0.7089452277883331,0.5144910240924158,-0.0005666021003808419,-0.005576274196412712,-0.0025730855254041396,-0.002905320607399231,-9.176761487361684e-05,-0.007173810871492936,-0.0013704685999536004,-0.002878682362106718
− graph (MLP semi ⊕ teacher),0.784164130134008,0.7200497247380572,0.5043049700136572,0.7800321634353553,0.7182587311099035,0.5024961573135105,-0.0038080931862803924,0.002663825253063412,-0.01056944361973744,-0.0039045705176514733,-0.004230101769832628,0.0021396924500773906,-0.013365335378858867,-0.005151914899538035
− fusion (DA-HGNN semi alone),0.7833471689660171,0.7008701829160007,0.512637808522851,0.7780848286377404,0.7030338481189563,0.5193390623019986,-0.004625054354271296,-0.01651571656899309,-0.002236605110543577,-0.007792458677935987,-0.006177436567447514,-0.013085190540869762,0.003477569609629194,-0.005261685832896028
− LM sentence embeddings,0.7733723366407084,0.6994139584443261,0.5072937078162422,0.7768638519011138,0.6975383725032883,0.5045030238775752,-0.01459988667958001,-0.017971941040667683,-0.007580705817152422,-0.013384177845800038,-0.007398413304074092,-0.01858066615653775,-0.011358468814794187,-0.012445849425135344
− student (calibrated teacher alone),0.7841245997549117,0.7163558870538093,0.4832254616709222,0.7829795621939631,0.7102874297036408,0.468234830284721,-0.003847623565376712,-0.0010300124311845016,-0.031648951962472416,-0.012175529319677877,-0.001282703011224795,-0.005831608956185286,-0.047626662407648346,-0.018246991458352808
paper tweet features (DistilRoBERTa only),0.7750984965279151,0.692772154146688,0.5027215327672545,0.7682347539394688,0.6875929590268982,0.49045662613663693,-0.012873726792373308,-0.024613745338305737,-0.012152880866140081,-0.01654678433227304,-0.016027511265719108,-0.02852607963292786,-0.02540486655573243,-0.023319485818126467
− calibration,0.7443965687630945,0.6865210442194991,0.48191912594264,0.7590636060402657,0.6947396010490029,0.4921839741088229,-0.04357565455719392,-0.03086485526549465,-0.032955287690754564,-0.035798599171147714,-0.025198659164922255,-0.02137943761082317,-0.023677518583546442,-0.023418538453097288
