dataset,seed,variant,acc_C,f1_C,acc_NC,f1_NC,acc_T,f1_T,macroF1_T
GoEmotions,0,DA-HGNN-F (full),0.8068916788955921,0.8078439134089828,0.7644244708611192,0.7106098004124998,0.7953116970391746,0.789648820558471,0.6196592532373918
GoEmotions,0,− fusion (DA-HGNN semi alone),0.8034675797597696,0.8035394346997833,0.7518121194549144,0.70952097709964,0.7893821401747243,0.7841109143006063,0.6046557313271752
GoEmotions,0,− student (calibrated teacher alone),0.8016740040219578,0.8037643214027826,0.7664540446506234,0.6951345983124665,0.792070205953275,0.786429932977732,0.6190422566514099
GoEmotions,0,− graph (MLP semi ⊕ teacher),0.8028697211804989,0.7982900380978444,0.7593505363873586,0.6868554979292796,0.7910028857176741,0.7780248267110306,0.5842036805134059
GoEmotions,0,− tweet–tweet k-NN relation,0.8068373281156584,0.8080689835634682,0.7648593795302986,0.7070716042349692,0.7953907577973672,0.7897296496095798,0.6190576684494334
GoEmotions,0,− tweet–phrase–emotion relations,0.8024892657209631,0.8051519966847561,0.7635546535227602,0.7130141173682286,0.7918725540577934,0.7882973509075215,0.6210504949003793
GoEmotions,0,− LM sentence embeddings,0.7953149627697157,0.7978700975306643,0.7551464192519571,0.7130825584268567,0.7843617820294897,0.7813398368111869,0.6029751758344268
GoEmotions,0,− distillation (gold labels only),0.8143920865264417,0.8129373536918584,0.767903740214555,0.7144474700199661,0.8017156184527809,0.7940361280479191,0.6254378814654445
GoEmotions,0,− soft targets (hard agreed labels),0.8062394695363878,0.8075742053048678,0.7639895621919397,0.7121375746085565,0.7947187413527296,0.7896454933594586,0.6203627384273293
GoEmotions,0,− confidence weighting,0.8069460296755259,0.807617691999862,0.7635546535227602,0.7068460417888932,0.7951140451436929,0.7889465794250294,0.6174059040450567
GoEmotions,0,− score masking,0.8064568726561226,0.8074820971370048,0.7635546535227602,0.7100331014834709,0.7947582717318259,0.7892081963889549,0.6192756175069674
GoEmotions,0,paper tweet features (DistilRoBERTa only),0.7971628892874613,0.7769190647074597,0.7608002319512902,0.6681764072198271,0.7872474997035221,0.7578227819730673,0.4914085656245075
GoEmotions,0,− per-group calibration (one global),0.8073264851350617,0.8079290051033723,0.7629747752971876,0.7146024949839773,0.795232636280982,0.7898085092753526,0.6200759692149423
GoEmotions,0,− calibration,0.7661829447252568,0.7806189310975534,0.6996230791533777,0.7043690342921612,0.7480333636399573,0.7623658079733008,0.5987455140059833
GoEmotions,0,− teacher smoothing,0.8100440241317463,0.8081157522640108,0.7657291968686576,0.6975374448174195,0.7979602324386291,0.788129182695196,0.6116361602284197
GoEmotions,1,DA-HGNN-F (full),0.7840100005435078,0.793623481612115,0.741229341838214,0.7204826528360149,0.7723445467842036,0.778655414358579,0.6168799739631472
GoEmotions,1,− fusion (DA-HGNN semi alone),0.7862383825207891,0.7946730249569962,0.7284720208756161,0.7122891974450913,0.7704866189666759,0.7762960130272627,0.6099632424852551
GoEmotions,1,− student (calibrated teacher alone),0.7775966085113322,0.7881440678248142,0.7451435198608293,0.7186310389752039,0.7687472822864371,0.7752830000290242,0.6162809734774287
GoEmotions,1,− graph (MLP semi ⊕ teacher),0.7891189738572748,0.7948702416849838,0.7476080023195129,0.7135470645579711,0.777799739099498,0.7787337762922321,0.6050301693613263
GoEmotions,1,− tweet–tweet k-NN relation,0.7827055818250992,0.792879510214525,0.7419541896201798,0.7172142602484725,0.7715934695813733,0.7778169768300814,0.612221866939706
GoEmotions,1,− tweet–phrase–emotion relations,0.7881406598184684,0.7962088085116202,0.7493476369962307,0.7204505155039587,0.7775625568249199,0.7814229022908946,0.6188829165876152
GoEmotions,1,− LM sentence embeddings,0.7740094570357084,0.7856264860367828,0.7232531168454625,0.7154612879520313,0.7601691900225324,0.7697881241583007,0.6063928959822812
GoEmotions,1,− distillation (gold labels only),0.7677591173433339,0.7802485775835047,0.6500434908669179,0.6707586761734794,0.7356603549828042,0.75036238054684,0.6025278794002472
GoEmotions,1,− soft targets (hard agreed labels),0.7833034404043698,0.7931868002241822,0.7406494636126414,0.7207898409192958,0.771672530339566,0.7783206335223478,0.616500834780149
GoEmotions,1,− confidence weighting,0.7848796130224469,0.7941828424039042,0.7448535807480429,0.721358225202946,0.7739652923271534,0.7796367033365597,0.6163746195450495
GoEmotions,1,− score masking,0.7839556497635741,0.7935551177442717,0.7413743113946071,0.7206057667087787,0.7723445467842036,0.7786252816913275,0.6166585782392088
GoEmotions,1,paper tweet features (DistilRoBERTa only),0.7708027610196206,0.7828106710661932,0.7183241519280951,0.7055709462760469,0.7564928647665731,0.766063808548212,0.5996993314302973
GoEmotions,1,− per-group calibration (one global),0.7862383825207891,0.7954729778668052,0.7378950420411714,0.7189086594401731,0.7730560936079377,0.7793150461730812,0.616675951168373
GoEmotions,1,− calibration,0.7502038154247513,0.767602363885842,0.6664250507393448,0.6853729526109451,0.7273589753725738,0.7464185001887511,0.5883506099344521
GoEmotions,1,− teacher smoothing,0.7921082667536279,0.7987508990094384,0.7576109017106407,0.7230289857833588,0.7827015061074436,0.7845342888727216,0.6198931728106548
GoEmotions,2,DA-HGNN-F (full),0.8091744116528072,0.8043172924987559,0.7618150188460423,0.7042199088823873,0.7962604261374867,0.7844825606985137,0.6046294036916072
GoEmotions,2,− fusion (DA-HGNN semi alone),0.800206532963748,0.7905998317546208,0.7634096839663671,0.7054738269732564,0.790172747756651,0.7738475585853523,0.5728879495130867
GoEmotions,2,− student (calibrated teacher alone),0.8070003804554595,0.8081438793419303,0.7503624238909828,0.7059017659776021,0.7915563110250228,0.7872257535751335,0.6197312066684301
GoEmotions,2,− graph (MLP semi ⊕ teacher),0.7962932768085222,0.8005303395550274,0.7500724847781965,0.716619056112926,0.7836897655848519,0.7833378873028032,0.6139990639435213
GoEmotions,2,− tweet–tweet k-NN relation,0.809391814772542,0.8067045673550015,0.7610901710640765,0.7106298232815976,0.7962208957583903,0.787254611992933,0.6120384712795358
GoEmotions,2,− tweet–phrase–emotion relations,0.8075982390347302,0.8033973260606492,0.7625398666280081,0.7045462138877263,0.7953116970391746,0.7838856811463817,0.6031354532037022
GoEmotions,2,− LM sentence embeddings,0.7900429371161476,0.7970384331521504,0.7370252247028124,0.717453680860098,0.7755860378701032,0.7794635947338541,0.6154911310367621
GoEmotions,2,− distillation (gold labels only),0.8129789662481657,0.8125478125371658,0.7654392577558713,0.7213778826640598,0.8000158121516385,0.7942711361665401,0.6247792067438013
GoEmotions,2,− soft targets (hard agreed labels),0.8084135007337355,0.8039415840870434,0.7622499275152218,0.7061806772328166,0.795825591967427,0.7845453658891365,0.604915014204816
GoEmotions,2,− confidence weighting,0.8090113593130062,0.8036812666949901,0.7632647144099739,0.702711330942076,0.7965371387911611,0.7839354931084483,0.6031731508017403
GoEmotions,2,− score masking,0.8090113593130062,0.8042384568330444,0.7618150188460423,0.7046820967245631,0.7961418350001976,0.7845091375511191,0.6049663413902701
GoEmotions,2,paper tweet features (DistilRoBERTa only),0.795097559649981,0.7994196965916887,0.7454334589736156,0.7061838743384926,0.7815551251136499,0.7808176712971274,0.6116248991933034
GoEmotions,2,− per-group calibration (one global),0.809391814772542,0.8045149542994701,0.7647144099739055,0.7068038257733554,0.7972091552357987,0.7854410934599567,0.6066321631742891
GoEmotions,2,− calibration,0.7725963367574324,0.7847938873508578,0.7183241519280951,0.7134820073823299,0.7577973672767522,0.7684065099587449,0.6050245447806649
GoEmotions,2,− teacher smoothing,0.8120006522093592,0.8040413349967067,0.7632647144099739,0.6981270272327808,0.7987113096414594,0.7830272592096033,0.5973955394802241
Friends,0,DA-HGNN-F (full),0.74944600384104,0.7515369637343515,0.6379969418960245,0.6173278192678228,0.7183803942461374,0.7164580546868791,0.5469406213678167
Friends,0,− fusion (DA-HGNN semi alone),0.7416161914610725,0.7452315231245862,0.606651376146789,0.5980169364516176,0.7039957378795951,0.7047269185966843,0.5325058721056336
Friends,0,− student (calibrated teacher alone),0.7491505392229281,0.7475182325529384,0.6280581039755352,0.6014169552876019,0.7153969099627064,0.709933324174038,0.5384244503418859
Friends,0,− graph (MLP semi ⊕ teacher),0.7529915792583838,0.7554111262442084,0.6441131498470948,0.625739915403982,0.7226425146510389,0.7219893648737106,0.5547750899856589
Friends,0,− tweet–tweet k-NN relation,0.7509233269315999,0.7530684064142332,0.6379969418960245,0.6192999087268976,0.7194459243473628,0.7180398387088873,0.5477440007163182
Friends,0,− tweet–phrase–emotion relations,0.749741468459152,0.7522434935673972,0.6406727828746177,0.6201038474103202,0.7193393713372402,0.7180904691918777,0.5509049676455399
Friends,0,− LM sentence embeddings,0.7380706160437288,0.7426486076335721,0.6051223241590215,0.6030650760052605,0.701012253596164,0.7046883353930811,0.5368393791170101
Friends,0,− distillation (gold labels only),0.7625941793470232,0.7587626154542063,0.6475535168195719,0.6111189240922218,0.7305274374001065,0.7205461044414331,0.5361711559556527
Friends,0,− soft targets (hard agreed labels),0.750332397695376,0.7524194576097308,0.6379969418960245,0.6183804072048683,0.7190197123068727,0.7172318817462795,0.5477683192612476
Friends,0,− confidence weighting,0.7490028069138721,0.7519226774748281,0.6372324159021406,0.620813502954787,0.7178476291955248,0.7175234150739971,0.5506025449845205
Friends,0,− score masking,0.7495937361500961,0.7517802789677314,0.6387614678899083,0.618511870229942,0.7187000532765051,0.7169366496418892,0.5470463863874497
Friends,0,paper tweet features (DistilRoBERTa only),0.7439799084059684,0.7475809337276321,0.5970948012232415,0.5875172385656736,0.7030367607884923,0.7047145892218705,0.5305864696301159
Friends,0,− per-group calibration (one global),0.7495937361500961,0.752002288082051,0.6391437308868502,0.6160369343980654,0.7188066062866276,0.7167156231963905,0.5469576128295295
Friends,0,− calibration,0.7290589451913133,0.736123077673655,0.5760703363914373,0.5872536610355744,0.6864144912093767,0.6939189411741622,0.5308396660238871
Friends,0,− teacher smoothing,0.7540257054217757,0.754312486237593,0.6379969418960245,0.6091457663498548,0.7216835375599361,0.7167622034666762,0.542963334078229
Friends,1,DA-HGNN-F (full),0.7490028069138721,0.7507167998245485,0.625,0.6044749719084922,0.7144379328716036,0.7132011219167843,0.5421699075305121
Friends,1,− fusion (DA-HGNN semi alone),0.7360023637169449,0.7382384777612315,0.5802752293577982,0.5779428410946843,0.6925945657964837,0.6946312701871306,0.5212939065114686
Friends,1,− student (calibrated teacher alone),0.7491505392229281,0.7478923237478583,0.6353211009174312,0.604016118611674,0.7174214171550346,0.711807942108343,0.5387274297315167
Friends,1,− graph (MLP semi ⊕ teacher),0.7524006500221598,0.7537388395335309,0.6372324159021406,0.6130265977985866,0.7202983484283431,0.7178226329520229,0.5429923868414123
Friends,1,− tweet–tweet k-NN relation,0.7490028069138721,0.7506799166467213,0.6223241590214067,0.6004641380926378,0.7136920618007458,0.7122151963464248,0.539431837602336
Friends,1,− tweet–phrase–emotion relations,0.7482641453685921,0.7502039026313657,0.6165902140672783,0.5903563659303429,0.7115610015982952,0.7105513097004109,0.5353970328735456
Friends,1,− LM sentence embeddings,0.7399911360614566,0.7432345680652709,0.5982415902140673,0.5837880217047888,0.7004794885455514,0.7015600358323364,0.5211764219800602
Friends,1,− distillation (gold labels only),0.7537302408036638,0.7483386469163578,0.6357033639143731,0.6030411730952462,0.7208311134789558,0.7107286622070984,0.5206641745494233
Friends,1,− soft targets (hard agreed labels),0.748855074604816,0.7507474127044717,0.6272935779816514,0.6064549647502234,0.7149706979222163,0.7138029317234401,0.5401454663725943
Friends,1,− confidence weighting,0.75018466538632,0.7517171822833082,0.6261467889908257,0.6017361874753704,0.7156100159829515,0.713345106773336,0.5376690006132201
Friends,1,− score masking,0.748855074604816,0.7505774478109167,0.6242354740061162,0.6035897728117625,0.714118273841236,0.7128550491185939,0.5410450895337091
Friends,1,paper tweet features (DistilRoBERTa only),0.7445708376421923,0.7470636252064499,0.5791284403669725,0.5644524184443717,0.6984549813532233,0.6986321474511012,0.5191374781483494
Friends,1,− per-group calibration (one global),0.748411877677648,0.750538965008601,0.6238532110091743,0.5999989486735342,0.7136920618007458,0.7120358548561055,0.5381918865640197
Friends,1,− calibration,0.7305362682818732,0.737551069590289,0.5646024464831805,0.5783517711031158,0.6842834310069259,0.6931707609566526,0.5326573462875065
Friends,1,− teacher smoothing,0.7526961146402719,0.7522781120070362,0.6257645259938838,0.5933555378741958,0.7173148641449121,0.712685901053206,0.5348996077570732
Friends,2,DA-HGNN-F (full),0.7504801300044319,0.7532942922310142,0.6387614678899083,0.6179158933419705,0.7193393713372402,0.7186979393758148,0.5427128592512297
Friends,2,− fusion (DA-HGNN semi alone),0.7413207268429606,0.7464680401509778,0.6146788990825688,0.6064407723024637,0.7060202450719233,0.7097433555730541,0.5381953307034325
Friends,2,− student (calibrated teacher alone),0.7491505392229281,0.7472869020432272,0.6311162079510704,0.5980578458876719,0.7162493340436867,0.7091210228285412,0.5261692010826688
Friends,2,− graph (MLP semi ⊕ teacher),0.7490028069138721,0.7506235209200435,0.6349388379204893,0.6135316843917085,0.7172083111347896,0.714964195503977,0.5349082216321487
Friends,2,− tweet–tweet k-NN relation,0.7509233269315999,0.7534242380273628,0.6376146788990825,0.6152236022259705,0.7193393713372402,0.7185117984117411,0.5444048303814875
Friends,2,− tweet–phrase–emotion relations,0.7535825084946077,0.7552752950720997,0.639525993883792,0.6109019253483174,0.7217900905700586,0.7188048740444735,0.5439043662218912
Friends,2,− LM sentence embeddings,0.7374796868075048,0.7342104044153448,0.5913608562691132,0.5558671162809908,0.6967501331912627,0.6863667462844475,0.480396251068029
Friends,2,− distillation (gold labels only),0.7590486039296794,0.7542018831314753,0.6479357798165137,0.6128395654027001,0.7280767181672883,0.7168167208326812,0.5150174166111975
Friends,2,− soft targets (hard agreed labels),0.7432412468606885,0.7421994724568154,0.5932721712538226,0.5723049959498901,0.7014384656366542,0.6958008698952798,0.4960151790134232
Friends,2,− confidence weighting,0.7513665238587679,0.7544135359627436,0.636085626911315,0.6169134356445659,0.7192328183271177,0.718904128033007,0.5462639988340825
Friends,2,− score masking,0.7509233269315999,0.7537126509336756,0.6383792048929664,0.6175604389640944,0.7195524773574854,0.7189060659721951,0.5431512216307512
Friends,2,paper tweet features (DistilRoBERTa only),0.7235928497562417,0.7126091713059092,0.5558103975535168,0.5218524094324032,0.6768247202983484,0.6594321404077228,0.4390998567295513
Friends,2,− per-group calibration (one global),0.7513665238587679,0.7540230951078221,0.6387614678899083,0.6164498156180498,0.7199786893979755,0.7190466550327018,0.5447630029088667
Friends,2,− calibration,0.7300930713547052,0.7375056445861101,0.5821865443425076,0.5901282601856854,0.688865210442195,0.6971291010161939,0.5396652180143416
Friends,2,− teacher smoothing,0.7525483823312158,0.7536543229592719,0.6487003058103975,0.6203713644459583,0.7236014917421417,0.7199724765188918,0.5414173367176447
TEC,0,DA-HGNN-F (full),0.5500221533008418,0.5512332463132086,0.4632829373650108,0.4545491412158924,0.5214060922748055,0.5198226246282057,0.455547915626551
TEC,0,− fusion (DA-HGNN semi alone),0.5472751439964555,0.5534257383571894,0.46202303815694745,0.468123120291935,0.5191496941986818,0.5253239630784118,0.45699203180196496
TEC,0,− student (calibrated teacher alone),0.5183872396987151,0.5036290392853697,0.41576673866090713,0.37980942323021677,0.4845317973992043,0.4641408867783564,0.40767285995582486
TEC,0,− graph (MLP semi ⊕ teacher),0.5466548515728844,0.5472765094744971,0.45518358531317493,0.44467558009801694,0.5164776438453773,0.5139100675029169,0.44996025535546963
TEC,0,− tweet–tweet k-NN relation,0.5528577758085955,0.5539032726036316,0.4677825773938085,0.4575794692907128,0.5247906893889912,0.5228079530713821,0.45940177375027064
TEC,0,− tweet–phrase–emotion relations,0.552148870181657,0.5514830206665864,0.46436285097192226,0.44973444512613536,0.5231874591770085,0.5189132508897529,0.4525770976607593
TEC,0,− LM sentence embeddings,0.5433761630482942,0.5462988555947325,0.4526637868970482,0.4500069288348023,0.5134493201116324,0.5148739339605962,0.4532851560455877
TEC,0,− distillation (gold labels only),0.5657066902968543,0.5550801765593354,0.48794096472282217,0.46624915988952226,0.5400510658511964,0.5261718007254704,0.4490654719107418
TEC,0,− soft targets (hard agreed labels),0.5476295968099246,0.5500902705177332,0.4604031677465803,0.45360948927900946,0.5188527997149813,0.5188326735114791,0.45560140788793113
TEC,0,− confidence weighting,0.5455028799291094,0.5477465250712293,0.4586033117350612,0.4535661731198443,0.516833917225818,0.5170175002995797,0.4551283700995367
TEC,0,− score masking,0.549490474080638,0.5507605306962184,0.46274298056155505,0.45409373035654815,0.5208716822041446,0.5193709151555392,0.45508221818844286
TEC,0,paper tweet features (DistilRoBERTa only),0.5436420026583961,0.5467280938254859,0.44366450683945285,0.4432338558512201,0.5106585119648477,0.512582971253738,0.4529432953088491
TEC,0,− per-group calibration (one global),0.5504652193176783,0.5519441133611662,0.4658027357811375,0.4576758710116427,0.5225342913128674,0.521105744165251,0.45731521864912056
TEC,0,− calibration,0.5209570225963669,0.5310589828675135,0.4105471562275018,0.42199493176589026,0.4845317973992043,0.49511214201274556,0.44011512053924756
TEC,0,− teacher smoothing,0.5509082853345149,0.5504933937323259,0.4663426925845932,0.4522175582306672,0.5230093224867882,0.5193120704561479,0.4543673829534817
TEC,1,DA-HGNN-F (full),0.5463890119627824,0.5507455345974557,0.46472282217422606,0.45919648279883274,0.5194465886823822,0.5210159181522042,0.4584558984757265
TEC,1,− fusion (DA-HGNN semi alone),0.5469206911829863,0.5541245784369813,0.4501439884809215,0.4561130428805244,0.5149931714268748,0.5218518973265204,0.4563985906288459
TEC,1,− student (calibrated teacher alone),0.5180327868852459,0.5085271331585335,0.4110871130309575,0.37664153684160373,0.4827504304970014,0.46640671449187926,0.4079926373594646
TEC,1,− graph (MLP semi ⊕ teacher),0.539211342490031,0.5449210838836174,0.4447444204463643,0.4423737705395055,0.5080458405082834,0.5115741032218968,0.45105773049253245
TEC,1,− tweet–tweet k-NN relation,0.5478954364200266,0.5512603496711488,0.46022318214542834,0.4531559632131484,0.5189715575084615,0.519004292834253,0.45515989469500145
TEC,1,− tweet–phrase–emotion relations,0.5493132476739034,0.5520038760398659,0.458963282937365,0.4478263343357458,0.5195059675791224,0.5181856023021323,0.45277523916837864
TEC,1,− LM sentence embeddings,0.5462117855560479,0.5512892060100546,0.4557235421166307,0.45782858477180394,0.5163588860518972,0.5199569356799013,0.4623001358809986
TEC,1,− distillation (gold labels only),0.5748338502436863,0.5659831297892745,0.4798416126709863,0.45860936181915063,0.5434950418621222,0.5310619205669387,0.4601833975981555
TEC,1,− soft targets (hard agreed labels),0.5431103234381923,0.5484091804829502,0.4604031677465803,0.4569501309916197,0.5158244759812363,0.51877744874111,0.45775427285617565
TEC,1,− confidence weighting,0.5445281346920691,0.5492578449923766,0.4584233261339093,0.4538009625935483,0.5161213704649368,0.5182250233721012,0.45661817826255907
TEC,1,− score masking,0.5461231723526806,0.5505412015533033,0.4652627789776818,0.45998808883442116,0.5194465886823822,0.5211445957612689,0.4587932669791556
TEC,1,paper tweet features (DistilRoBERTa only),0.5496677004873726,0.5531028406222425,0.46652267818574517,0.46551372159796456,0.5222373968291669,0.5239355905294968,0.4633129279172448
TEC,1,− per-group calibration (one global),0.5482498892334958,0.551826409043746,0.4604031677465803,0.45706618113323055,0.519268451992162,0.5208048467433152,0.45904942931459986
TEC,1,− calibration,0.5194505981391228,0.5298663444171694,0.4116270698344133,0.4209433247298533,0.4838786295350632,0.49442495396135416,0.4391497029299045
TEC,1,− teacher smoothing,0.5478954364200266,0.5518347267965792,0.46706263498920086,0.4541042293512746,0.5212279555845852,0.520925928534551,0.45578699359808544
TEC,2,DA-HGNN-F (full),0.5369960124058485,0.5418410977640361,0.43628509719222464,0.4355784190201971,0.5037705599429962,0.5067459352966982,0.4442450553888804
TEC,2,− fusion (DA-HGNN semi alone),0.5357554275587062,0.5436643567424698,0.43880489560835134,0.44305876435443015,0.5037705599429962,0.5108413265010635,0.4486494870028779
TEC,2,− student (calibrated teacher alone),0.5225520602569783,0.517505607059156,0.4008279337652988,0.38705719410199513,0.48239415711656075,0.4741568895839274,0.41477462132449133
TEC,2,− graph (MLP semi ⊕ teacher),0.524501550731059,0.5208620985161407,0.4150467962562995,0.40480480147237274,0.48839142568731075,0.4820043012157177,0.42244939380954794
TEC,2,− tweet–tweet k-NN relation,0.5323881258307488,0.5377359882469281,0.4298056155507559,0.43119678418216945,0.4985452170298676,0.5023964852827429,0.4415949196588535
TEC,2,− tweet–phrase–emotion relations,0.5356668143553389,0.5406236734970616,0.43880489560835134,0.44046126008868475,0.5037111810462561,0.5071129301655609,0.44884441189913044
TEC,2,− LM sentence embeddings,0.527159946832078,0.5175352076300515,0.42080633549316054,0.3998678373351016,0.49207291728519686,0.47867820199222805,0.39480598217242385
TEC,2,− distillation (gold labels only),0.5661497563136907,0.554647643404912,0.4703023758099352,0.45194420732833235,0.5345288284543673,0.520660170825273,0.44686332844145094
TEC,2,− soft targets (hard agreed labels),0.5346920691182986,0.540262301140461,0.43628509719222464,0.4363588965247727,0.5022267086277536,0.5058629500246583,0.44444367374673255
TEC,2,− confidence weighting,0.5340717766947275,0.5395175473565942,0.4326853851691865,0.4327034848933388,0.500623478415771,0.5043406970708955,0.44206218377725137
TEC,2,− score masking,0.5368187859991139,0.541676371847077,0.43664506839452844,0.43605116666962407,0.5037705599429962,0.5067185219127471,0.44411013878721645
TEC,2,paper tweet features (DistilRoBERTa only),0.5042091271599468,0.473386202429871,0.4164866810655148,0.3481323259627279,0.4752686895077489,0.4348513166266759,0.33131431934363526
TEC,2,− per-group calibration (one global),0.5361984935755427,0.5411241867151769,0.43682505399568033,0.43513277282286966,0.5034142865625557,0.5063676830135666,0.4437546356154937
TEC,2,− calibration,0.5143996455471865,0.5243567995144933,0.40208783297336215,0.4107513433902398,0.4773469508936524,0.487014826352369,0.4350195604876271
TEC,2,− teacher smoothing,0.5377049180327869,0.5417163977536572,0.4350251979841613,0.4322054172170442,0.5038299388397364,0.5055910864057521,0.4427824972604039
TEC,0,− label-space alignment,0.5425786442179885,0.5417090755971712,0.45788336933045354,0.4409677759766247,0.5146368980464343,0.5087182771360867,0.38503656081617893
TEC,1,− label-space alignment,0.5482498892334958,0.5539070187014813,0.4719222462203024,0.4635480554947341,0.5230687013835283,0.5240951393998995,0.39593272500704224
TEC,2,− label-space alignment,0.5435533894550288,0.5472867670572849,0.4526637868970482,0.44869884919723035,0.5135680779051125,0.5144813804376327,0.38840336285746596
