dataset,setting,model,seed,acc_C,f1_C,acc_NC,f1_NC,acc_T,f1_T,macroF1_T
GoEmotions,0 Baselines (raw),DistilRoBERTa,0,0.713897494429045,0.7373180055851385,0.38721368512612353,0.4642022289435233,0.6248171719966794,0.6617782118475015,0.5120786750907822
GoEmotions,0 Baselines (raw),RoBERTa-large,0,0.713897494429045,0.7373180055851385,0.35648013917077415,0.4243396590262456,0.6164367316282563,0.652464504367331,0.5096368157429944
GoEmotions,0 Baselines (raw),DistilRoBERTa-v2 (Friends-tuned),0,0.7040600032610468,0.7184512766077165,0.5556683096549725,0.6001594743585142,0.6635964738901846,0.6842494918340201,0.46702453889012846
GoEmotions,0 Baselines (raw),Score average,0,0.713897494429045,0.7373180055851385,0.4578138590895912,0.5281909184707922,0.6440684666165949,0.6781777254837125,0.5322708142312668
GoEmotions,0 Baselines (raw),Rule: disagree → neutral,0,0.713897494429045,0.7373180055851385,0.7586256886053929,0.6545030464878445,0.7260940032414911,0.7398138118274299,0.5746010613349475
GoEmotions,0 Baselines (raw),Paper HGNN-Max (3A replication),0,0.7138431436491114,0.7373016790623612,0.537692084662221,0.5671252947951508,0.6658101751195794,0.6962203449909338,0.5138427633822827
GoEmotions,0 Baselines (raw),Paper HGNN-Min (3A replication),0,0.7141692483287135,0.7375538686330797,0.40084082342708033,0.4763099331917617,0.6287306795272166,0.664926858370332,0.515676769053342
Friends,0 Baselines (raw),DistilRoBERTa,0,0.7212291328113458,0.7293822123594186,0.3103975535168196,0.35533604974804933,0.6067128396377197,0.6270915239743783,0.4660303422447076
Friends,0 Baselines (raw),RoBERTa-large,0,0.7212291328113458,0.7293822123594186,0.46406727828746175,0.49113258046639136,0.6495471497069792,0.6633060440048414,0.5154172495219813
Friends,0 Baselines (raw),DistilRoBERTa-v2 (Friends-tuned),0,0.876495789629192,0.8758607718804481,0.8375382262996942,0.8374134106777651,0.8656366542354822,0.8650560198844504,0.7753235363259356
Friends,0 Baselines (raw),Score average,0,0.7212291328113458,0.7293822123594186,0.5057339449541285,0.5367793152353001,0.6611614278103356,0.6742823993932947,0.5214058278136845
Friends,0 Baselines (raw),Rule: disagree → neutral,0,0.7212291328113458,0.7293822123594186,0.5600152905198776,0.4020692970407355,0.6762919552477358,0.6663015477548718,0.49705079264292845
Friends,0 Baselines (raw),Paper HGNN-Max (3A replication),0,0.7207859358841778,0.7289605377599333,0.41131498470948014,0.37315265775202316,0.6345231752797017,0.6438693812528196,0.45431841395775596
Friends,0 Baselines (raw),Paper HGNN-Min (3A replication),0,0.7204904712660659,0.728531007627944,0.3256880733944954,0.37290377704589234,0.6104421949920085,0.6300617322814006,0.46524379941500754
TEC,0 Baselines (raw),DistilRoBERTa,0,0.4280017722640673,0.4801190579717643,0.14488840892728583,0.17734298911288318,0.3346000831304554,0.39177689387257314,0.31317023126638704
TEC,0 Baselines (raw),RoBERTa-large,0,0.4280017722640673,0.4801190579717643,0.3182145428365731,0.3492382188215107,0.3917819606911704,0.4372766613632827,0.3419388515121966
TEC,0 Baselines (raw),DistilRoBERTa-v2 (Friends-tuned),0,0.31395657953035,0.3708577172300702,0.16090712742980562,0.20472548347700134,0.26346416483581736,0.3207067600995905,0.2483251682735955
TEC,0 Baselines (raw),Score average,0,0.4280017722640673,0.4801190579717643,0.2575593952483801,0.3038003322754371,0.37177127248975717,0.4254045720527504,0.33839516452185464
TEC,0 Baselines (raw),Rule: disagree → neutral,0,0.4280017722640673,0.4801190579717643,0.0,0.0,0.2868000712546761,0.3748931602271572,0.3059016112526834
TEC,0 Baselines (raw),Paper HGNN-Max (3A replication),0,0.42871067789100575,0.48050654147833693,0.3556515478761699,0.2933064769466377,0.40460780238703165,0.4320734887934884,0.32436383176991185
TEC,0 Baselines (raw),Paper HGNN-Min (3A replication),0,0.4277359326539654,0.4797315117151557,0.1537077033837293,0.18527206062768892,0.33733151238049996,0.39339622869589447,0.314079255989809
GoEmotions,A label-free,RoBERTa-large + alignment,0,0.713897494429045,0.7373180055851385,0.35648013917077415,0.4243396590262456,0.6164367316282563,0.652464504367331,0.5096368157429944
GoEmotions,A label-free,Score average + alignment,0,0.713897494429045,0.7373180055851385,0.4578138590895912,0.5281909184707922,0.6440684666165949,0.6781777254837125,0.5322708142312668
GoEmotions,A label-free,Score average + alignment + smoothing,0,0.7007446056850916,0.724691746966697,0.3058857639895622,0.34839693217910245,0.593074277582322,0.6281315897369352,0.5010057859188481
GoEmotions,A label-free,DA-HGNN (label-free),0,0.7140061959889125,0.7374507803049261,0.45723398086401856,0.5279071250414199,0.6439894058584021,0.6782677170553297,0.5331856740367807
GoEmotions,A label-free,DA-HGNN (label-free) ⊕ teacher,0,0.7127017772705039,0.736238168509667,0.416207596404755,0.485034551119648,0.6318535794758272,0.6667636871343484,0.5260347855262665
GoEmotions,A label-free,DA-HGNN (label-free),1,0.713734442089244,0.7371817501531347,0.4553493766309075,0.5264741341706656,0.6432778590346682,0.6777356620173179,0.5332801332573464
GoEmotions,A label-free,DA-HGNN (label-free) ⊕ teacher,1,0.7127561280504375,0.7362451459800162,0.41707741374311397,0.48559961584045536,0.6321302921295016,0.6669091990796284,0.526443445186476
GoEmotions,A label-free,DA-HGNN (label-free),2,0.7141692483287135,0.7376052287605128,0.45549434618730067,0.5260991974489078,0.6436336324465352,0.6779410485684627,0.5335990381187564
GoEmotions,A label-free,DA-HGNN (label-free) ⊕ teacher,2,0.7125930757106365,0.7361400420664017,0.41374311394607133,0.48246583886417305,0.6311025022729968,0.6661069674042718,0.5257387667462539
GoEmotions,A label-free,DA-HGNN (label-free),3,0.7140061959889125,0.7374155954437406,0.45795882864598436,0.5288269324340539,0.6441870577538839,0.6784381043390172,0.5337316011357475
GoEmotions,A label-free,DA-HGNN (label-free) ⊕ teacher,3,0.7125930757106365,0.7361081607359056,0.41562771817918237,0.484180415768851,0.6316163972012492,0.6664604482688279,0.5262211333291208
GoEmotions,A label-free,DA-HGNN (label-free),4,0.7140061959889125,0.7374563915465587,0.4531748332850101,0.5241141493542387,0.6428825552437047,0.6772953991757769,0.5322085717125641
GoEmotions,A label-free,DA-HGNN (label-free) ⊕ teacher,4,0.7125930757106365,0.7361530580689049,0.4151928095100029,0.4842685258628106,0.6314978060639601,0.6665201946043005,0.5256216025441491
Friends,A label-free,RoBERTa-large + alignment,0,0.7212291328113458,0.7293822123594186,0.46406727828746175,0.49113258046639136,0.6495471497069792,0.6633060440048414,0.5154172495219813
Friends,A label-free,Score average + alignment,0,0.7212291328113458,0.7293822123594186,0.5057339449541285,0.5367793152353001,0.6611614278103356,0.6742823993932947,0.5214058278136845
Friends,A label-free,Score average + alignment + smoothing,0,0.7154675727581622,0.7243794509890916,0.46559633027522934,0.4969090920288759,0.6458177943526905,0.6608793759244331,0.5106949591660669
Friends,A label-free,DA-HGNN (label-free),0,0.7212291328113458,0.7294036680961626,0.49655963302752293,0.5281127972331716,0.6586041555673948,0.6718263513483912,0.5201423608614248
Friends,A label-free,DA-HGNN (label-free) ⊕ teacher,0,0.7204904712660659,0.7286792648834601,0.4896788990825688,0.5228512206536777,0.6561534363345765,0.6700109071303088,0.518965267744604
Friends,A label-free,DA-HGNN (label-free),1,0.7210814005022899,0.7292527639038605,0.49617737003058104,0.5269895469386885,0.6583910495471497,0.6713645687642892,0.5168496935457879
Friends,A label-free,DA-HGNN (label-free) ⊕ teacher,1,0.7204904712660659,0.7287094469000572,0.49159021406727826,0.5238037299154212,0.6566862013851892,0.6703142901595999,0.5165145762437868
Friends,A label-free,DA-HGNN (label-free),2,0.7209336681932339,0.7290846018951277,0.49159021406727826,0.5234161962916534,0.6570058604155568,0.6702659244283292,0.5186038395228558
Friends,A label-free,DA-HGNN (label-free) ⊕ teacher,2,0.7203427389570098,0.7285721933226549,0.4892966360856269,0.5223779054378322,0.6559403303143314,0.6699488395183711,0.5193628391259824
Friends,A label-free,DA-HGNN (label-free),3,0.7207859358841778,0.7289859084675516,0.49617737003058104,0.5265717390474696,0.6581779435269046,0.671220186240033,0.5177961089143829
Friends,A label-free,DA-HGNN (label-free) ⊕ teacher,3,0.7206382035751219,0.7288281414800876,0.49617737003058104,0.5277905494497226,0.6580713905167821,0.6716092676027793,0.5211966272585081
Friends,A label-free,DA-HGNN (label-free),4,0.7209336681932339,0.7291098843903329,0.4980886850152905,0.5285777284721903,0.6588172615876399,0.6716871595231204,0.5204140362176534
Friends,A label-free,DA-HGNN (label-free) ⊕ teacher,4,0.7201950066479539,0.728483550422849,0.4923547400611621,0.5250692416515526,0.6566862013851892,0.6704304750724498,0.5201111372269687
TEC,A label-free,RoBERTa-large + alignment,0,0.49410722197607443,0.5050628019689646,0.365190784737221,0.37314206437831804,0.4515765097084496,0.46192802942275507,0.41147675394025723
TEC,A label-free,Score average + alignment,0,0.4918032786885246,0.5029289886892292,0.3516918646508279,0.35970486621286796,0.44557924113769964,0.45675335309309667,0.40976339042440424
TEC,A label-free,Score average + alignment + smoothing,0,0.49455028799291095,0.5058812128695692,0.36627069834413245,0.3772472391078249,0.4522296775725907,0.4636568261505289,0.4155706203659046
TEC,A label-free,DA-HGNN (label-free),0,0.4918918918918919,0.5032016199498482,0.3615910727141829,0.3676179766767354,0.44890445935514517,0.4598171480866403,0.4152404344088137
TEC,A label-free,DA-HGNN (label-free) ⊕ teacher,0,0.493398316349136,0.5048669742952959,0.36303095752339815,0.3702249382972097,0.45038893177364764,0.4614360656764052,0.4160812160485657
TEC,A label-free,DA-HGNN (label-free),1,0.4918032786885246,0.5031629669880388,0.3601511879049676,0.3661904321766845,0.4483700492844843,0.45935313261545324,0.4148818777539242
TEC,A label-free,DA-HGNN (label-free) ⊕ teacher,1,0.49348692955250334,0.5049329565796857,0.3626709863210943,0.37019316979157896,0.45032955287690757,0.461419700097012,0.4157780106699418
TEC,A label-free,DA-HGNN (label-free),2,0.4920691182986265,0.5033925326035832,0.35943124550036,0.36520121771264746,0.4483106703877442,0.459185299063833,0.41520808238085466
TEC,A label-free,DA-HGNN (label-free) ⊕ teacher,2,0.49268941072219763,0.5042637626410226,0.3626709863210943,0.3697422481295094,0.44979514280624666,0.4609151594252184,0.4153810622944339
TEC,A label-free,DA-HGNN (label-free),3,0.49109437306158615,0.5023827070858774,0.35853131749460043,0.36450181762861755,0.44736060803990263,0.4582638192262942,0.41422259759618
TEC,A label-free,DA-HGNN (label-free) ⊕ teacher,3,0.492512184315463,0.5039816893548115,0.36141108711303094,0.36911009736717865,0.44926073273558575,0.46043203706667524,0.41512695832002217
TEC,A label-free,DA-HGNN (label-free),4,0.4914488258750554,0.5028680979887968,0.3599712023038157,0.3660966655352311,0.4480731548007838,0.45913881667813833,0.4148513037104225
TEC,A label-free,DA-HGNN (label-free) ⊕ teacher,4,0.49295525033229953,0.5044931081384673,0.36285097192224625,0.37008959300338196,0.45003265839320705,0.4611614126776694,0.4160579157985636
GoEmotions,B few labels,RoBERTa-large + calibration,0,0.8052068047176477,0.7997158795251338,0.7579008408234271,0.6627250685160178,0.7923073882278531,0.7766696945655746,0.5865624885693342
GoEmotions,B few labels,Score average + calibration,0,0.8105331811511495,0.8050202704117845,0.7612351406204697,0.6680841270675112,0.7970905640985098,0.7818418907069047,0.5988358912511582
GoEmotions,B few labels,Score average + calibration + smoothing,0,0.8016740040219578,0.8037643214027826,0.7664540446506234,0.6951345983124665,0.792070205953275,0.786429932977732,0.6190422566514099
GoEmotions,B few labels,Supervised MLP (N labels only),0,0.7567259090167944,0.7000095070456246,0.7583357494926065,0.6728839278662025,0.7571648812112108,0.6968863798898209,0.31759116797487363
GoEmotions,B few labels,"MLP semi (distillation + N labels, no graph)",0,0.7723789336376977,0.7420661525862403,0.7222383299507104,0.672427744506151,0.7587065659959679,0.7256875636706127,0.411610191722075
GoEmotions,B few labels,DA-HGNN semi,0,0.8034675797597696,0.8035394346997833,0.7518121194549144,0.70952097709964,0.7893821401747243,0.7841109143006063,0.6046557313271752
GoEmotions,B few labels,DA-HGNN-F (proposed),0,0.8068916788955921,0.8078439134089828,0.7644244708611192,0.7106098004124998,0.7953116970391746,0.789648820558471,0.6196592532373918
GoEmotions,B few labels,RoBERTa-large + calibration,1,0.7935757378118375,0.7976691815223294,0.7506523630037693,0.6924654018717166,0.7818713681464206,0.7788477051334962,0.6031229403772019
GoEmotions,B few labels,Score average + calibration,1,0.7994456220446764,0.8033488279389895,0.7648593795302986,0.7007365310470485,0.7900146262402656,0.7866737851885346,0.6208446814453191
GoEmotions,B few labels,Score average + calibration + smoothing,1,0.7775966085113322,0.7881440678248142,0.7451435198608293,0.7186310389752039,0.7687472822864371,0.7752830000290242,0.6162809734774287
GoEmotions,B few labels,Supervised MLP (N labels only),1,0.7878145551388662,0.7700848110470152,0.7423890982893593,0.708833497765999,0.7754279163537179,0.75598530200807,0.46797097848065394
GoEmotions,B few labels,"MLP semi (distillation + N labels, no graph)",1,0.7856948747214523,0.7751175188758991,0.7268773557552914,0.6945842528304582,0.7696564810056529,0.7560382720510794,0.5046339263757219
GoEmotions,B few labels,DA-HGNN semi,1,0.7862383825207891,0.7946730249569962,0.7284720208756161,0.7122891974450913,0.7704866189666759,0.7762960130272627,0.6099632424852551
GoEmotions,B few labels,DA-HGNN-F (proposed),1,0.7840100005435078,0.793623481612115,0.741229341838214,0.7204826528360149,0.7723445467842036,0.778655414358579,0.6168799739631472
GoEmotions,B few labels,RoBERTa-large + calibration,2,0.8056416109571173,0.7972126415350435,0.7499275152218035,0.6895784075834367,0.7904494604103254,0.774702271582803,0.5835522416597916
GoEmotions,B few labels,Score average + calibration,2,0.8127615631284308,0.8058156141947025,0.7583357494926065,0.6935593418165881,0.7979207020595328,0.7832816696905498,0.6003447927812336
GoEmotions,B few labels,Score average + calibration + smoothing,2,0.8070003804554595,0.8081438793419303,0.7503624238909828,0.7059017659776021,0.7915563110250228,0.7872257535751335,0.6197312066684301
GoEmotions,B few labels,Supervised MLP (N labels only),2,0.7898798847763465,0.773385255997005,0.7445636416352566,0.7149440275893879,0.7775230264458236,0.7597521199164122,0.4753331170370427
GoEmotions,B few labels,"MLP semi (distillation + N labels, no graph)",2,0.7733572476765042,0.7730976098425464,0.718179182371702,0.707980240013182,0.7583112622050046,0.7572377088036394,0.51931834535986
GoEmotions,B few labels,DA-HGNN semi,2,0.800206532963748,0.7905998317546208,0.7634096839663671,0.7054738269732564,0.790172747756651,0.7738475585853523,0.5728879495130867
GoEmotions,B few labels,DA-HGNN-F (proposed),2,0.8092287624327409,0.8043630245743121,0.7618150188460423,0.7042199088823873,0.796299956516583,0.7845146313332507,0.6046862543648122
GoEmotions,B few labels,RoBERTa-large + calibration,3,0.8072177835751944,0.8029598303356135,0.7586256886053929,0.6636590803521087,0.7939676641498992,0.7797251283161821,0.5941535563085365
GoEmotions,B few labels,Score average + calibration,3,0.8126528615685635,0.8108488828270927,0.7645694404175123,0.696305216353601,0.7995414476024825,0.7903031700772646,0.6190909522156616
GoEmotions,B few labels,Score average + calibration + smoothing,3,0.7975976955269308,0.8034316961786737,0.7600753841693244,0.7114300377177047,0.7873660908408112,0.7874732866749967,0.6259281193037207
GoEmotions,B few labels,Supervised MLP (N labels only),3,0.7102559921734877,0.6110641915684191,0.758770658161786,0.6572398401569722,0.723484998221133,0.6250608031055508,0.1757567409326273
GoEmotions,B few labels,"MLP semi (distillation + N labels, no graph)",3,0.7633023533887712,0.7780596482296617,0.6539576688895332,0.6779341381686388,0.7334861841325059,0.7507681675227716,0.5852772979792382
GoEmotions,B few labels,DA-HGNN semi,3,0.8070003804554595,0.8056688583404041,0.7580458103798202,0.7168222952960637,0.7936514211171285,0.7872173537031271,0.5979510159696357
GoEmotions,B few labels,DA-HGNN-F (proposed),3,0.8076525898146638,0.8093674548068575,0.7618150188460423,0.7165768037651865,0.7951535755227893,0.7914782365281315,0.6215068042847782
GoEmotions,B few labels,RoBERTa-large + calibration,4,0.8027066688406979,0.8042573925551818,0.7592055668309655,0.684644919844379,0.7908447642012887,0.783695830767237,0.6060946262689667
GoEmotions,B few labels,Score average + calibration,4,0.8100440241317463,0.8120231785253046,0.7625398666280081,0.6849359115418455,0.7970905640985098,0.7905474641467537,0.6209058882986423
GoEmotions,B few labels,Score average + calibration + smoothing,4,0.7899885863362139,0.7985785002395356,0.7489127283270514,0.7076620159054904,0.7787879985769064,0.781802773477919,0.6200148189161638
GoEmotions,B few labels,Supervised MLP (N labels only),4,0.7953693135496495,0.7919410591905234,0.7416642505073935,0.7165708917032115,0.7807249871526268,0.7749182172881953,0.5326241887813233
GoEmotions,B few labels,"MLP semi (distillation + N labels, no graph)",4,0.7711832164791564,0.7721765338724131,0.6897651493186431,0.6890986628502594,0.7489820927382693,0.7507755130945979,0.5162136737960268
GoEmotions,B few labels,DA-HGNN semi,4,0.7915104081743572,0.7902049507647342,0.7309365033342998,0.702721083824153,0.7749930821836581,0.7697610979144446,0.582189729047073
GoEmotions,B few labels,DA-HGNN-F (proposed),4,0.7968367846078591,0.8005503708692513,0.7435488547405045,0.7089159953304113,0.7823062023164802,0.7810960894222103,0.6115637552433819
Friends,B few labels,RoBERTa-large + calibration,0,0.7519574530949918,0.744507337218887,0.6269113149847095,0.5813264085413206,0.717101758124667,0.7023030647903789,0.5215851041729433
Friends,B few labels,Score average + calibration,0,0.7519574530949918,0.745292921083696,0.6307339449541285,0.5847410713901549,0.7181672882258924,0.7046231924949156,0.5173268008159767
Friends,B few labels,Score average + calibration + smoothing,0,0.7491505392229281,0.7475182325529384,0.6280581039755352,0.6014169552876019,0.7153969099627064,0.709933324174038,0.5384244503418859
Friends,B few labels,Supervised MLP (N labels only),0,0.7526961146402719,0.7492091905334913,0.621177370030581,0.6111926169120118,0.7160362280234417,0.7112846004755385,0.5054201387513753
Friends,B few labels,"MLP semi (distillation + N labels, no graph)",0,0.75018466538632,0.7538527735917198,0.6230886850152905,0.6168453100511525,0.7147575919019712,0.7173075524698919,0.5518080217175686
Friends,B few labels,DA-HGNN semi,0,0.7416161914610725,0.7452315231245862,0.606651376146789,0.5980169364516176,0.7039957378795951,0.7047269185966843,0.5325058721056336
Friends,B few labels,DA-HGNN-F (proposed),0,0.74944600384104,0.7515369637343515,0.6379969418960245,0.6173278192678228,0.7183803942461374,0.7164580546868791,0.5469406213678167
Friends,B few labels,RoBERTa-large + calibration,1,0.7537302408036638,0.7459236951110303,0.6299694189602446,0.5852388288184539,0.7192328183271177,0.705129476550209,0.5282502079855773
Friends,B few labels,Score average + calibration,1,0.750627862313488,0.743580356198641,0.6334097859327217,0.5778886321834578,0.7179541822056473,0.7041117713740448,0.5176481744365444
Friends,B few labels,Score average + calibration + smoothing,1,0.7491505392229281,0.7478923237478583,0.6353211009174312,0.604016118611674,0.7174214171550346,0.711807942108343,0.5387274297315167
Friends,B few labels,Supervised MLP (N labels only),1,0.7491505392229281,0.7440524022785859,0.6169724770642202,0.5957929737534988,0.7123068726691529,0.7052110473704364,0.49777110524384216
Friends,B few labels,"MLP semi (distillation + N labels, no graph)",1,0.750332397695376,0.7507422497934797,0.6077981651376146,0.5947645436824537,0.7106020245071923,0.7090055992143057,0.5275562216613785
Friends,B few labels,DA-HGNN semi,1,0.7360023637169449,0.7382384777612315,0.5802752293577982,0.5779428410946843,0.6925945657964837,0.6946312701871306,0.5212939065114686
Friends,B few labels,DA-HGNN-F (proposed),1,0.7490028069138721,0.7507167998245485,0.625,0.6044749719084922,0.7144379328716036,0.7132011219167843,0.5421699075305121
Friends,B few labels,RoBERTa-large + calibration,2,0.7546166346579997,0.745988293875357,0.628822629969419,0.5769795724749301,0.7195524773574854,0.7029672219771456,0.5183884274867656
Friends,B few labels,Score average + calibration,2,0.74944600384104,0.7412975594893297,0.636085626911315,0.5843352762084209,0.7178476291955248,0.7018883384566512,0.5039950950677173
Friends,B few labels,Score average + calibration + smoothing,2,0.7491505392229281,0.7472869020432272,0.6311162079510704,0.5980578458876719,0.7162493340436867,0.7091210228285412,0.5261692010826688
Friends,B few labels,Supervised MLP (N labels only),2,0.7463436253508642,0.7291722302385134,0.632262996941896,0.6025021586199988,0.7145444858817261,0.6939466912123441,0.43883176396926976
Friends,B few labels,"MLP semi (distillation + N labels, no graph)",2,0.7425025853154085,0.7453286127078146,0.6055045871559633,0.5980845154032934,0.7043153969099627,0.705905528498005,0.5248473571843554
Friends,B few labels,DA-HGNN semi,2,0.7413207268429606,0.7464680401509778,0.6142966360856269,0.6061518858864748,0.7059136920618008,0.7096468204328683,0.5381474436584075
Friends,B few labels,DA-HGNN-F (proposed),2,0.7504801300044319,0.7532942922310142,0.6387614678899083,0.6179158933419705,0.7193393713372402,0.7186979393758148,0.5427128592512297
Friends,B few labels,RoBERTa-large + calibration,3,0.7457526961146402,0.7336713477578148,0.6334097859327217,0.5913377472373603,0.7144379328716036,0.6978977514342736,0.5178147689912568
Friends,B few labels,Score average + calibration,3,0.7479686807504802,0.7369930143337933,0.6295871559633027,0.5742691383134575,0.7149706979222163,0.6984169709513446,0.5118015742684169
Friends,B few labels,Score average + calibration + smoothing,3,0.748855074604816,0.7440840509095581,0.6337920489296636,0.5971460948600371,0.7167820990942995,0.7075808119363172,0.5299550165657247
Friends,B few labels,Supervised MLP (N labels only),3,0.7222632589747378,0.6648792585699206,0.6246177370030581,0.5412950322009938,0.6950452850293021,0.631593656904827,0.2991360688877066
Friends,B few labels,"MLP semi (distillation + N labels, no graph)",3,0.7265474959373615,0.6917825400678524,0.5818042813455657,0.5335381070464219,0.6862013851891315,0.6468286474073421,0.3408894205124963
Friends,B few labels,DA-HGNN semi,3,0.7414684591520165,0.743650298471833,0.6169724770642202,0.6025090914954689,0.7067661161427811,0.7063043151779355,0.5206333788481743
Friends,B few labels,DA-HGNN-F (proposed),3,0.750775594622544,0.7514854516591165,0.6441131498470948,0.616758249706394,0.7210442194992008,0.7176417724151327,0.5415268796168886
Friends,B few labels,RoBERTa-large + calibration,4,0.7540257054217757,0.747237921582684,0.6257645259938838,0.58315305111397,0.7182738412360149,0.7043650869575423,0.523605100996427
Friends,B few labels,Score average + calibration,4,0.7534347761855518,0.7464312414792089,0.6372324159021406,0.5887238933141106,0.7210442194992008,0.7064370542099536,0.5124752272363964
Friends,B few labels,Score average + calibration + smoothing,4,0.7467868222780322,0.7455212191279221,0.632262996941896,0.6023172417842454,0.7148641449120937,0.708479498789419,0.5294930010351792
Friends,B few labels,Supervised MLP (N labels only),4,0.7593440685477914,0.745143639824839,0.636085626911315,0.5941081811885714,0.7249866808737346,0.7045527044438447,0.45047668703326654
Friends,B few labels,"MLP semi (distillation + N labels, no graph)",4,0.7461958930418082,0.7315320032897574,0.6131498470948012,0.5719351643067249,0.7091102823654768,0.6880035611439186,0.42973101563349825
Friends,B few labels,DA-HGNN semi,4,0.7447185699512483,0.7483995972701999,0.6330275229357798,0.6175879875171332,0.7135855087906233,0.713713329996427,0.5465042130504548
Friends,B few labels,DA-HGNN-F (proposed),4,0.7495937361500961,0.7514129304790995,0.6460244648318043,0.6212125502025577,0.7207245604688333,0.7179184400823413,0.5455125469320649
TEC,B few labels,RoBERTa-large + calibration,0,0.5192733717323881,0.4995746190947629,0.4242260619150468,0.37712157357450365,0.4879163945133899,0.46218654152587924,0.39807995809336455
TEC,B few labels,Score average + calibration,0,0.5157288435976961,0.4953707916001875,0.41414686825054,0.36087341466053025,0.4822160204263405,0.4549069447797954,0.385447205367357
TEC,B few labels,Score average + calibration + smoothing,0,0.5183872396987151,0.5036290392853697,0.41576673866090713,0.37980942323021677,0.4845317973992043,0.4641408867783564,0.40767285995582486
TEC,B few labels,Supervised MLP (N labels only),0,0.5607443509082853,0.5495935582485919,0.47606191504679624,0.45633776829625955,0.5328068404489045,0.5194365796590236,0.4470881556543141
TEC,B few labels,"MLP semi (distillation + N labels, no graph)",0,0.5432875498449269,0.5497658275119398,0.4519438444924406,0.454390059210781,0.5131524256279318,0.5185624066166004,0.45133551246798503
TEC,B few labels,DA-HGNN semi,0,0.5472751439964555,0.5534279451046626,0.46184305255579555,0.46794903676344,0.5190903153019417,0.5252729768802604,0.45697205327604
TEC,B few labels,DA-HGNN-F (proposed),0,0.5500221533008418,0.5512332463132086,0.4632829373650108,0.4545491412158924,0.5214060922748055,0.5198226246282057,0.455547915626551
TEC,B few labels,RoBERTa-large + calibration,1,0.5231723526805494,0.5110952965816316,0.4245860331173506,0.37322020303573356,0.49064782376343447,0.46928899842478566,0.4068250607538973
TEC,B few labels,Score average + calibration,1,0.5202481169694284,0.5079604344830567,0.4132469402447804,0.36097445496751723,0.48494744967638503,0.4633951638585069,0.40126719282524276
TEC,B few labels,Score average + calibration + smoothing,1,0.5180327868852459,0.5085271331585335,0.4110871130309575,0.37664153684160373,0.4827504304970014,0.46640671449187926,0.4079926373594646
TEC,B few labels,Supervised MLP (N labels only),1,0.5648205582631812,0.561095840574939,0.462922966162707,0.4577373048518892,0.5312036102369218,0.526995569080079,0.4543115822095814
TEC,B few labels,"MLP semi (distillation + N labels, no graph)",1,0.534514842711564,0.5440877547640178,0.4240460763138949,0.4334073693070923,0.4980701858559468,0.5081665842833427,0.44697548003737664
TEC,B few labels,DA-HGNN semi,1,0.5469206911829863,0.5541245784369813,0.4501439884809215,0.4561130428805244,0.5149931714268748,0.5218518973265204,0.4563985906288459
TEC,B few labels,DA-HGNN-F (proposed),1,0.5463890119627824,0.5507455345974557,0.46472282217422606,0.45919648279883274,0.5194465886823822,0.5210159181522042,0.4584558984757265
TEC,B few labels,RoBERTa-large + calibration,2,0.5191847585290208,0.5109937052835423,0.41270698344132467,0.39893273046077643,0.48405676622528354,0.47307352727629554,0.41069539113721326
TEC,B few labels,Score average + calibration,2,0.516880815241471,0.5082128783536716,0.39704823614110873,0.3764494638600044,0.4773469508936524,0.46442154034217614,0.39371074032840087
TEC,B few labels,Score average + calibration + smoothing,2,0.5225520602569783,0.517505607059156,0.4008279337652988,0.38705719410199513,0.48239415711656075,0.4741568895839274,0.41477462132449133
TEC,B few labels,Supervised MLP (N labels only),2,0.5640230394328755,0.5544294375234406,0.4836213102951764,0.4731866478020373,0.5374977732913723,0.5271319454592859,0.44568372527964756
TEC,B few labels,"MLP semi (distillation + N labels, no graph)",2,0.5220203810367745,0.519260240685463,0.41612670986321093,0.4081085100769522,0.48708508995902855,0.48263603706424163,0.42230141803061244
TEC,B few labels,DA-HGNN semi,2,0.5356668143553389,0.5435926177880245,0.43880489560835134,0.44305876435443015,0.5037111810462561,0.5107910919458094,0.4486314229049549
TEC,B few labels,DA-HGNN-F (proposed),2,0.5369960124058485,0.5418374014477031,0.43628509719222464,0.4355784190201971,0.5037705599429962,0.5067437485460828,0.4442430018037357
TEC,B few labels,RoBERTa-large + calibration,3,0.5187416925121843,0.5098338265707882,0.42080633549316054,0.37750388853357864,0.4864319220948875,0.46795663323281045,0.4003077493329965
TEC,B few labels,Score average + calibration,3,0.5175011076650421,0.5074961135170993,0.42080633549316054,0.35860316297898387,0.4856006175405261,0.4624658628124437,0.38938777178390827
TEC,B few labels,Score average + calibration + smoothing,3,0.516614975631369,0.5087985437226166,0.4105471562275018,0.37269874363701383,0.4816222314589395,0.46541831588473426,0.4013668289719831
TEC,B few labels,Supervised MLP (N labels only),3,0.5670358883473637,0.5709783650221953,0.47804175665946724,0.48267643979644265,0.5376759099815925,0.5416955757883455,0.4718362898796015
TEC,B few labels,"MLP semi (distillation + N labels, no graph)",3,0.5385910500664599,0.5474271425337166,0.4407847372210223,0.45210759116188026,0.5063238525028205,0.5156279057243777,0.45165765237821837
TEC,B few labels,DA-HGNN semi,3,0.5495790872840053,0.5563613982438923,0.468682505399568,0.4708079826291703,0.522890564693308,0.5287241081944205,0.45931251096643283
TEC,B few labels,DA-HGNN-F (proposed),3,0.5473637571998228,0.5514428569867276,0.46958243340532757,0.4611481329456368,0.521702986758506,0.522464533488908,0.45608959058054116
TEC,B few labels,RoBERTa-large + calibration,4,0.5204253433761631,0.5026908389658026,0.3743700503959683,0.3219118592487247,0.4722403657740039,0.4583882981990734,0.39369144919360055
TEC,B few labels,Score average + calibration,4,0.5193619849357555,0.500934033860861,0.37634989200863933,0.31287016958882796,0.47218098687726384,0.45602102852324444,0.3886882805551537
TEC,B few labels,Score average + calibration + smoothing,4,0.518918918918919,0.5069813664451354,0.4011879049676026,0.36586055023385355,0.4800783801436969,0.4674840514017725,0.4088920631601345
TEC,B few labels,Supervised MLP (N labels only),4,0.5772264067346035,0.5746614011563077,0.4821814254859611,0.47829791161018337,0.5458701977317262,0.5438352905273158,0.467434182355487
TEC,B few labels,"MLP semi (distillation + N labels, no graph)",4,0.5239698715108552,0.5255457899803324,0.41540676745860333,0.41540584246961526,0.4881539101003503,0.48874778807285707,0.43427979321931764
TEC,B few labels,DA-HGNN semi,4,0.5455914931324768,0.5532036926292038,0.4535637149028078,0.45908366795160305,0.5152306870138352,0.5232485029999164,0.46443015008808625
TEC,B few labels,DA-HGNN-F (proposed),4,0.5435533894550288,0.5473762525946099,0.46256299496040315,0.45932711516552205,0.516833917225818,0.5199547942179856,0.4574246080225685
