dataset,layer,node,relation,weight
GoEmotions,1,phrase,tweet→phrase,0.6561968326568604
GoEmotions,1,phrase,emotion→phrase,0.34380319714546204
GoEmotions,1,tweet,phrase→tweet,0.1556718796491623
GoEmotions,1,tweet,tweet→tweet,0.8443281054496765
GoEmotions,2,phrase,tweet→phrase,0.5098360776901245
GoEmotions,2,phrase,emotion→phrase,0.4901639223098755
GoEmotions,2,tweet,phrase→tweet,0.822651743888855
GoEmotions,2,tweet,tweet→tweet,0.17734825611114502
Friends,1,phrase,tweet→phrase,0.3780025243759155
Friends,1,phrase,emotion→phrase,0.6219974756240845
Friends,1,tweet,phrase→tweet,0.001467401278205216
Friends,1,tweet,tweet→tweet,0.9985325336456299
Friends,2,phrase,tweet→phrase,0.5244940519332886
Friends,2,phrase,emotion→phrase,0.4755059778690338
Friends,2,tweet,phrase→tweet,0.852647066116333
Friends,2,tweet,tweet→tweet,0.147352933883667
TEC,1,phrase,tweet→phrase,0.46633780002593994
TEC,1,phrase,emotion→phrase,0.5336621999740601
TEC,1,tweet,phrase→tweet,0.9992458820343018
TEC,1,tweet,tweet→tweet,0.0007541915401816368
TEC,2,phrase,tweet→phrase,0.5082107186317444
TEC,2,phrase,emotion→phrase,0.491789311170578
TEC,2,tweet,phrase→tweet,0.5790581703186035
TEC,2,tweet,tweet→tweet,0.4209418296813965
