dataset,system,acc_T,f1_T,acc_NC,f1_NC,Δ acc_T vs paper HGNN,Δ f1_T vs paper HGNN
GoEmotions,Paper reported: HGNN-Min,0.737,0.738,0.677,0.624,0.0,0.0
GoEmotions,Paper reported: best LM (DistilRoBERTa-v2),0.669,0.686,0.551,0.589,-0.06799999999999995,-0.051999999999999935
GoEmotions,"Paper HGNN-Max, our replication",0.6658101751195794,0.6962203449909338,0.537692084662221,0.5671252947951508,-0.07118982488042058,-0.04177965500906622
GoEmotions,"Paper HGNN-Min, our replication",0.6287306795272166,0.664926858370332,0.40084082342708033,0.4763099331917617,-0.10826932047278337,-0.07307314162966794
GoEmotions,RoBERTa-large (raw),0.6164367316282563,0.652464504367331,0.35648013917077415,0.4243396590262456,-0.12056326837174369,-0.08553549563266893
GoEmotions,Ours — Setting A (label-free),0.6316401154287069,0.6665520992982754,0.41556973035662514,0.4843097894911875,-0.10535988457129308,-0.07144790070172458
GoEmotions,Ours — Setting B (N=500),0.7882831956358463,0.7850786384401285,0.7545665410263845,0.7121610322453,0.05128319563584627,0.047078638440128495
Friends,Paper reported: HGNN-Max,0.535,0.578,0.258,0.303,0.0,0.0
Friends,Paper reported: best LM (DistilRoBERTa-v2),0.868,0.867,0.845,0.843,0.33299999999999996,0.28900000000000003
Friends,"Paper HGNN-Max, our replication",0.6345231752797017,0.6438693812528196,0.41131498470948014,0.37315265775202316,0.09952317527970167,0.0658693812528196
Friends,"Paper HGNN-Min, our replication",0.6104421949920085,0.6300617322814006,0.3256880733944954,0.37290377704589234,0.07544219499200844,0.05206173228140065
Friends,RoBERTa-large (raw),0.6495471497069792,0.6633060440048414,0.46406727828746175,0.49113258046639136,0.11454714970697921,0.08530604400484143
Friends,Ours — Setting A (label-free),0.6567075119872137,0.6704627558967018,0.49181957186544345,0.5243785294216412,0.12170751198721363,0.09246275589670183
Friends,Ours — Setting B (N=500),0.718785295684603,0.7167834656953904,0.6383792048929664,0.6155378968854475,0.183785295684603,0.13878346569539046
TEC,Paper reported: HGNN-Min,0.436,0.443,0.354,0.345,0.0,0.0
TEC,Paper reported: best LM (RoBERTa-large),0.401,0.43,0.308,0.337,-0.034999999999999976,-0.013000000000000012
TEC,"Paper HGNN-Max, our replication",0.40460780238703165,0.4320734887934884,0.3556515478761699,0.2933064769466377,-0.03139219761296835,-0.010926511206511613
TEC,"Paper HGNN-Min, our replication",0.33733151238049996,0.39339622869589447,0.1537077033837293,0.18527206062768892,-0.09866848761950003,-0.04960377130410554
TEC,RoBERTa-large (raw),0.3917819606911704,0.4372766613632827,0.3182145428365731,0.3492382188215107,-0.044218039308829615,-0.005723338636717312
TEC,Ours — Setting A (label-free),0.449961403717119,0.46107287498859606,0.3625269978401728,0.3698720093177717,0.013961403717119014,0.018072874988596055
TEC,Ours — Setting B (N=500),0.5166320289769015,0.5180003238066773,0.4592872570194384,0.45395985822921625,0.08063202897690153,0.07500032380667726
