dataset,versus,ours_acc_T,ours_f1_T,ref_acc_T,ref_f1_T,gain_acc_pts,gain_f1_pts
GoEmotions,paper best HGNN (reported),0.7882831956358463,0.7850786384401285,0.737,0.738,5.128319563584627,4.7078638440128495
GoEmotions,"paper HGNN-Max (3A replication, same test split)",0.7882831956358463,0.7850786384401285,0.6658101751195794,0.6962203449909338,12.247302051626685,8.885829344919472
GoEmotions,RoBERTa-large (raw),0.7882831956358463,0.7850786384401285,0.6164367316282563,0.652464504367331,17.184646400758997,13.261413407279743
GoEmotions,best few-label baseline (calibrated teacher),0.7882831956358463,0.7850786384401285,0.7837055777364905,0.7836429493469611,0.4577617899355735,0.14356890931673805
Friends,paper best HGNN (reported),0.718785295684603,0.7167834656953904,0.535,0.578,18.3785295684603,13.878346569539046
Friends,"paper HGNN-Max (3A replication, same test split)",0.718785295684603,0.7167834656953904,0.6345231752797017,0.6438693812528196,8.426212040490134,7.291408444257086
Friends,RoBERTa-large (raw),0.718785295684603,0.7167834656953904,0.6495471497069792,0.6633060440048414,6.923814597762378,5.347742169054904
Friends,best few-label baseline (calibrated teacher),0.718785295684603,0.7167834656953904,0.7161427810335643,0.7093845199673318,0.26425146510387076,0.7398945728058659
TEC,paper best HGNN (reported),0.5166320289769015,0.5180003238066773,0.436,0.443,8.063202897690152,7.500032380667726
TEC,"paper HGNN-Max (3A replication, same test split)",0.5166320289769015,0.5180003238066773,0.40460780238703165,0.4320734887934884,11.202422658986988,8.592683501318888
TEC,RoBERTa-large (raw),0.5166320289769015,0.5180003238066773,0.3917819606911704,0.4372766613632827,12.485006828573114,8.072366244339458
TEC,best few-label baseline (calibrated teacher),0.5166320289769015,0.5180003238066773,0.48227539932308056,0.46752137162813395,3.4356629653820967,5.0478952178543315
