dataset,budget,seed,model,acc_C,f1_C,acc_NC,f1_NC,acc_T,f1_T,macroF1_T
GoEmotions,50,0,Calibrated teacher (+smoothing),0.7985760095657373,0.7979243022856358,0.7583357494926065,0.6543607844166559,0.7876032731153891,0.7763365948878448,0.6017779083053282
GoEmotions,50,0,Supervised MLP,0.7347138431436491,0.7149031785466027,0.6884604233111047,0.679126285471568,0.7221014349527612,0.7047183941975953,0.37191796051301046
GoEmotions,50,0,DA-HGNN semi,0.7834664927441709,0.7871516134952992,0.7312264424470861,0.7037841439553468,0.7692216468355931,0.7690988210480985,0.5919473365525721
GoEmotions,50,0,DA-HGNN-F (proposed),0.7939018424914398,0.7962094108190222,0.761525079733256,0.7036806006044681,0.7850733288532237,0.7800366920500951,0.6125468701342841
GoEmotions,50,1,Calibrated teacher (+smoothing),0.7919452144138268,0.7828945754781067,0.7354305595824877,0.6978458147998372,0.7765347669684153,0.7627637624274678,0.5557247552460038
GoEmotions,50,1,Supervised MLP,0.6993858361867493,0.6687678279471276,0.6285879965207306,0.6352727261271206,0.6800806419733565,0.6589462417279704,0.3824432073975417
GoEmotions,50,1,DA-HGNN semi,0.7623240393499646,0.761869109298476,0.6925195708901131,0.6774146368670693,0.7432897181483971,0.7403467478535077,0.5520939893004527
GoEmotions,50,1,DA-HGNN-F (proposed),0.7740638078156421,0.7725138600364146,0.7100608872136851,0.6825916788401285,0.7566114559038621,0.751023442811476,0.561507286946253
GoEmotions,50,2,Calibrated teacher (+smoothing),0.7745529648350454,0.7489472569835037,0.7174543345897362,0.701339652454021,0.7589832786496422,0.7370557966519269,0.48426303370467927
GoEmotions,50,2,Supervised MLP,0.7221588129789662,0.6581726222900804,0.7506523630037693,0.6910681842294678,0.7299284500138357,0.6679981347840066,0.2992562121682977
GoEmotions,50,2,DA-HGNN semi,0.7726506875373662,0.7797334391754359,0.6704841983183532,0.6786438359397335,0.7447918725540578,0.7526213927725787,0.5796465094179715
GoEmotions,50,2,DA-HGNN-F (proposed),0.795097559649981,0.7979484184037069,0.6997680487097709,0.6941758785995665,0.7691030556983042,0.7718899839906833,0.6029704257095132
GoEmotions,100,0,Calibrated teacher (+smoothing),0.79243437143323,0.7821770170103224,0.7606552623948971,0.6783093568332363,0.7837688263430447,0.7671512424972305,0.5726718846632555
GoEmotions,100,0,Supervised MLP,0.7684113267025382,0.7543190532940434,0.7025224702812409,0.689533661210572,0.7504447167648338,0.737860722413919,0.4294124528207362
GoEmotions,100,0,DA-HGNN semi,0.7902603402358824,0.7904628684466192,0.7481878805450856,0.7032833617517017,0.7787879985769064,0.7730741912476873,0.5990128079571772
GoEmotions,100,0,DA-HGNN-F (proposed),0.8008043915430186,0.8016782655264378,0.7603653232821107,0.699470338075361,0.7897774439656876,0.7831666319856406,0.6125004676625361
GoEmotions,100,1,Calibrated teacher (+smoothing),0.77727050383173,0.7867157036757538,0.7525369672368802,0.7157861609845723,0.7705261493457722,0.77429774398789,0.6071037276570037
GoEmotions,100,1,Supervised MLP,0.759443448013479,0.7239181028320446,0.7347057118005219,0.6885419676019902,0.7526979483733249,0.7172999390995086,0.42317946537533363
GoEmotions,100,1,DA-HGNN semi,0.7603130604924181,0.7746210675062811,0.6701942592055669,0.6863045496525076,0.735739415740997,0.7511906704532156,0.5867810353374514
GoEmotions,100,1,DA-HGNN-F (proposed),0.765095929126583,0.7786722915596173,0.7023775007248478,0.7034257162560335,0.747993833260861,0.7604232213136978,0.5973341894682729
GoEmotions,100,2,Calibrated teacher (+smoothing),0.8054785586173162,0.8058245325922058,0.7390547984923166,0.7073544639277173,0.7873660908408112,0.7842850497007713,0.6132964517389149
GoEmotions,100,2,Supervised MLP,0.7272134355127996,0.6423500729904583,0.727457233980864,0.6667828694305938,0.7272799146143811,0.6481563419324425,0.21202978662857602
GoEmotions,100,2,DA-HGNN semi,0.7824881787053645,0.792318586364748,0.7257175993041461,0.7153393176642432,0.7670079456061983,0.7752651822542377,0.6131925787146335
GoEmotions,100,2,DA-HGNN-F (proposed),0.7941735963911082,0.8010132124095485,0.737605102928385,0.7178247362167869,0.77874846819781,0.7832346944557389,0.6195449945473602
GoEmotions,200,0,Calibrated teacher (+smoothing),0.795097559649981,0.8002065804877627,0.7565961148158886,0.6984748027730066,0.7845989643040677,0.7835964102087509,0.6183909217186738
GoEmotions,200,0,Supervised MLP,0.7593890972335453,0.6962064516754614,0.7574659321542476,0.6868503711704765,0.7588646875123533,0.6969611804533999,0.3057650021709001
GoEmotions,200,0,DA-HGNN semi,0.7791184303494755,0.7828476518627123,0.730211655552334,0.6937703418452724,0.765782503854212,0.7651332549778946,0.5888281624601605
GoEmotions,200,0,DA-HGNN-F (proposed),0.7917278112940921,0.7969881702009421,0.7509423021165555,0.7042961201986836,0.7806063960153378,0.7800292416612931,0.6111279842094841
GoEmotions,200,1,Calibrated teacher (+smoothing),0.780966356867221,0.7902299420947625,0.732096259785445,0.7118517118577559,0.7676404316717398,0.7731973463493397,0.6090715279447291
GoEmotions,200,1,Supervised MLP,0.7669438556443285,0.779128860593267,0.6446796172803712,0.6700146846863537,0.7336047752697948,0.7484781116731521,0.5734944557244797
GoEmotions,200,1,DA-HGNN semi,0.7818359693461601,0.7920415645830138,0.709046100318933,0.7004714272343857,0.7619875874609637,0.7706125766862989,0.5968266035292611
GoEmotions,200,1,DA-HGNN-F (proposed),0.7810750584270885,0.7913971494031763,0.7249927515221803,0.7115235828265309,0.765782503854212,0.7734797358586757,0.6040836440455114
GoEmotions,200,2,Calibrated teacher (+smoothing),0.8043915430186424,0.8028297383477043,0.7445636416352566,0.7046310158946364,0.7880776376645452,0.7817082456640089,0.6052294154518207
GoEmotions,200,2,Supervised MLP,0.7729224414370346,0.757369937082177,0.7017976224992751,0.6959261793630914,0.753528086334348,0.7415768621093777,0.5263517615480776
GoEmotions,200,2,DA-HGNN semi,0.7934126854720365,0.7749148720049954,0.7523919976804871,0.701066590084694,0.7822271415582875,0.7592740454807183,0.5391997811494195
GoEmotions,200,2,DA-HGNN-F (proposed),0.8046089461383771,0.7935167446618037,0.7526819367932734,0.6994741330813714,0.7904494604103254,0.773466735318885,0.5803122341395646
GoEmotions,500,0,Calibrated teacher (+smoothing),0.8016740040219578,0.8037643214027826,0.7664540446506234,0.6951345983124665,0.792070205953275,0.786429932977732,0.6190422566514099
GoEmotions,500,0,Supervised MLP,0.7567259090167944,0.7000095070456246,0.7583357494926065,0.6728839278662025,0.7571648812112108,0.6968863798898209,0.31759116797487363
GoEmotions,500,0,DA-HGNN semi,0.8034675797597696,0.8035394346997833,0.7518121194549144,0.70952097709964,0.7893821401747243,0.7841109143006063,0.6046557313271752
GoEmotions,500,0,DA-HGNN-F (proposed),0.8068916788955921,0.8078439134089828,0.7644244708611192,0.7106098004124998,0.7953116970391746,0.789648820558471,0.6196592532373918
GoEmotions,500,1,Calibrated teacher (+smoothing),0.7775966085113322,0.7881440678248142,0.7451435198608293,0.7186310389752039,0.7687472822864371,0.7752830000290242,0.6162809734774287
GoEmotions,500,1,Supervised MLP,0.7878145551388662,0.7700932254017855,0.7423890982893593,0.708833497765999,0.7754279163537179,0.7559919830467512,0.46794784029341185
GoEmotions,500,1,DA-HGNN semi,0.7862383825207891,0.7946730249569962,0.7284720208756161,0.7122891974450913,0.7704866189666759,0.7762960130272627,0.6099632424852551
GoEmotions,500,1,DA-HGNN-F (proposed),0.7840100005435078,0.793623481612115,0.741229341838214,0.7204826528360149,0.7723445467842036,0.778655414358579,0.6168799739631472
GoEmotions,500,2,Calibrated teacher (+smoothing),0.8070003804554595,0.8081438793419303,0.7503624238909828,0.7059017659776021,0.7915563110250228,0.7872257535751335,0.6197312066684301
GoEmotions,500,2,Supervised MLP,0.7898798847763465,0.773385255997005,0.7445636416352566,0.7149440275893879,0.7775230264458236,0.7597521199164122,0.4753331170370427
GoEmotions,500,2,DA-HGNN semi,0.800206532963748,0.7905998317546208,0.7634096839663671,0.7054738269732564,0.790172747756651,0.7738475585853523,0.5728879495130867
GoEmotions,500,2,DA-HGNN-F (proposed),0.8091744116528072,0.8043172924987559,0.7618150188460423,0.7042199088823873,0.7962604261374867,0.7844825606985137,0.6046294036916072
GoEmotions,1000,0,Calibrated teacher (+smoothing),0.7967824338279255,0.8018485709874253,0.7584807190489997,0.7090825166087543,0.7863383009843065,0.7854423171634649,0.6229473592984801
GoEmotions,1000,0,Supervised MLP,0.8018914071416925,0.7992318346816215,0.7406494636126414,0.7102358148806494,0.7851919199905127,0.7785385121080349,0.5981579357397833
GoEmotions,1000,0,DA-HGNN semi,0.7996630251644111,0.7989643487877774,0.7496375761090172,0.7076576994773904,0.7860220579515358,0.7798630220531825,0.5933597855713628
GoEmotions,1000,0,DA-HGNN-F (proposed),0.8024349149410294,0.8047625998380373,0.761525079733256,0.7167885253965012,0.7912795983713484,0.7876977519874838,0.6179285159279411
GoEmotions,1000,1,Calibrated teacher (+smoothing),0.7855318223816512,0.7943747150374829,0.7487677587706582,0.7177907221208177,0.7755069771119105,0.7799806983530861,0.6196703927096944
GoEmotions,1000,1,Supervised MLP,0.8060764171965867,0.8084944970528456,0.7313714120034792,0.7097227495062357,0.7857058149187651,0.7852186046737397,0.6046239470732929
GoEmotions,1000,1,DA-HGNN semi,0.7933039839121692,0.8000213773227377,0.7338358944621629,0.7152688100314907,0.777088192275764,0.7810579632859022,0.615877595102824
GoEmotions,1000,1,DA-HGNN-F (proposed),0.7934126854720365,0.8008067147516178,0.745868367642795,0.7218514360451148,0.7804482744989525,0.7843657337655484,0.6227806262155579
GoEmotions,1000,2,Calibrated teacher (+smoothing),0.8014566009022229,0.8052895508835947,0.7512322412293418,0.7113198186835055,0.7877613946317745,0.7865737296741921,0.6239180484910791
GoEmotions,1000,2,Supervised MLP,0.7955867166693842,0.7971691935648787,0.7186140910408814,0.7058191866247868,0.7745977783926948,0.7743319472641654,0.6027102629079196
GoEmotions,1000,2,DA-HGNN semi,0.7981955541062015,0.7907321841426063,0.756016236590316,0.7044479759891961,0.7866940743961734,0.7730825776380698,0.5703980265692125
GoEmotions,1000,2,DA-HGNN-F (proposed),0.8054242078373824,0.8031027576714307,0.7625398666280081,0.7112489620630357,0.7937304818753211,0.7850093910111543,0.6088270675938062
GoEmotions,2000,0,Calibrated teacher (+smoothing),0.7990108158052068,0.8035519766528005,0.7590605972745723,0.7112238689665324,0.7881171680436415,0.7868118393680007,0.6248160764034559
GoEmotions,2000,0,Supervised MLP,0.8171096255231263,0.8149272041706349,0.7592055668309655,0.7217198843600979,0.8013203146618176,0.7944470818527105,0.6242520277151424
GoEmotions,2000,0,DA-HGNN semi,0.8004239360834828,0.800687904443856,0.7534067845752392,0.7110321276044308,0.7876032731153891,0.7822105122601171,0.597320382372245
GoEmotions,2000,0,DA-HGNN-F (proposed),0.8038480352193054,0.8059848268238001,0.7612351406204697,0.7158069752503875,0.7922283274696604,0.7884022774405146,0.6172625711623632
GoEmotions,2000,1,Calibrated teacher (+smoothing),0.7915104081743572,0.7983632554690794,0.7605102928385039,0.7162147292310613,0.7830572795193106,0.7844603868919748,0.6223483097608374
GoEmotions,2000,1,Supervised MLP,0.8136855263873036,0.8095251399853162,0.7638445926355465,0.72784228134045,0.8000948729098312,0.7917717484056364,0.6073847435922684
GoEmotions,2000,1,DA-HGNN semi,0.7750964726343823,0.78842931505625,0.722818208176283,0.7203846707376973,0.76084120646717,0.7729462761925645,0.6129702796093109
GoEmotions,2000,1,DA-HGNN-F (proposed),0.7831947388445024,0.7939392516439873,0.7593505363873586,0.7350864046860992,0.7766928884848006,0.7836047392195638,0.6256386453515024
GoEmotions,2000,2,Calibrated teacher (+smoothing),0.8027066688406979,0.80607241899378,0.756886053928675,0.7102635815907302,0.7902122781357473,0.7879669659142664,0.6232389110646306
GoEmotions,2000,2,Supervised MLP,0.8161313114843198,0.8094280321034393,0.758770658161786,0.7138369952783792,0.8004901767007946,0.7884092723911164,0.5983136610507532
GoEmotions,2000,2,DA-HGNN semi,0.8002608837436818,0.7962415501135856,0.7581907799362134,0.7102990654255025,0.7887891844882793,0.7786874866023253,0.5828369541536799
GoEmotions,2000,2,DA-HGNN-F (proposed),0.806728626555791,0.805801549018997,0.7625398666280081,0.7120142732660194,0.7946792109736333,0.7874961697981127,0.6113586228891315
Friends,50,0,Calibrated teacher (+smoothing),0.7479686807504802,0.7485648750495277,0.6192660550458715,0.5847502940275741,0.7120937666489078,0.7094033370606387,0.5287374474312588
Friends,50,0,Supervised MLP,0.7314226621362092,0.7143539958085802,0.6165902140672783,0.576269228530753,0.6994139584443261,0.6778786908309445,0.42379848306728096
Friends,50,0,DA-HGNN semi,0.7460481607327523,0.7442808608624721,0.6154434250764526,0.6017155557442793,0.7096430474160895,0.706981376353671,0.4961919252930605
Friends,50,0,DA-HGNN-F (proposed),0.75018466538632,0.7503688273610508,0.6257645259938838,0.6043769140029673,0.715503462972829,0.7136704590258914,0.5178857034773242
Friends,50,1,Calibrated teacher (+smoothing),0.7459004284236963,0.7417730665852305,0.37767584097859325,0.36584016293953325,0.6432605221097496,0.6557013047799104,0.5018838432769107
Friends,50,1,Supervised MLP,0.733638646772049,0.6995463002122934,0.6227064220183486,0.5533717257326493,0.7027171017581246,0.6605785761595961,0.3666075932935412
Friends,50,1,DA-HGNN semi,0.7314226621362092,0.7352341636484588,0.5646024464831805,0.5680798750308562,0.6849227490676612,0.6915361053228284,0.5115877221682584
Friends,50,1,DA-HGNN-F (proposed),0.7408775299157926,0.7435173126544437,0.5596330275229358,0.5633747871085204,0.6903569525839105,0.6980927436730778,0.5224600549093789
Friends,50,2,Calibrated teacher (+smoothing),0.7370364898803369,0.7373074827730676,0.6165902140672783,0.570410683503978,0.7034629728289824,0.6988123845905347,0.5103202916317855
Friends,50,2,Supervised MLP,0.6792731570394446,0.6405608970409002,0.5768348623853211,0.5101750729686356,0.6507192328183271,0.60694543056813,0.3061236752069343
Friends,50,2,DA-HGNN semi,0.734672772935441,0.7352344222221987,0.5909785932721713,0.5674706666187153,0.694619072988812,0.6915623275672559,0.4901318719447455
Friends,50,2,DA-HGNN-F (proposed),0.7439799084059684,0.7451862971396209,0.6055045871559633,0.5740371659438741,0.705380927011188,0.7028165514601065,0.5064819709558674
Friends,100,0,Calibrated teacher (+smoothing),0.7447185699512483,0.7406973415489322,0.6020642201834863,0.5788315949227135,0.704954714970698,0.6985292406371955,0.5173669277550511
Friends,100,0,Supervised MLP,0.7120697296498745,0.6601286182318912,0.6074159021406728,0.5436647153131517,0.682898241875333,0.6269049235478045,0.29527958685935113
Friends,100,0,DA-HGNN semi,0.7433889791697444,0.7450800620010648,0.6108562691131498,0.590653048513849,0.7064464571124134,0.706800095672343,0.5128193528335188
Friends,100,0,DA-HGNN-F (proposed),0.74944600384104,0.7508408783195607,0.6230886850152905,0.6001379388102367,0.7142248268513586,0.7131904725999055,0.5271640708803204
Friends,100,1,Calibrated teacher (+smoothing),0.7469345545870882,0.7419465000481241,0.613914373088685,0.5794256317870665,0.7098561534363346,0.7033205742898695,0.5156538312760437
Friends,100,1,Supervised MLP,0.702614861870291,0.6865994745258579,0.5775993883792049,0.5575385886647429,0.6677677144379329,0.6530631878392015,0.3937978551591743
Friends,100,1,DA-HGNN semi,0.7432412468606885,0.743659246320985,0.5783639143730887,0.5730761661809486,0.6972828982418753,0.6970396514230097,0.5137419356541927
Friends,100,1,DA-HGNN-F (proposed),0.748411877677648,0.7484388203731391,0.6116207951070336,0.5937052494524633,0.7102823654768248,0.709223412199894,0.5271254678727045
Friends,100,2,Calibrated teacher (+smoothing),0.7472300192052002,0.7479325882123093,0.595565749235474,0.577884207935694,0.704954714970698,0.7058730715000276,0.5321437548912363
Friends,100,2,Supervised MLP,0.7268429605554735,0.7131847971565061,0.6093272171253823,0.583022219922196,0.6940863079381993,0.6776691958581007,0.42638552484521847
Friends,100,2,DA-HGNN semi,0.7297976067365933,0.7365620730740295,0.5248470948012233,0.5465161018233393,0.6726691529035695,0.6839544733308494,0.5084786140637582
Friends,100,2,DA-HGNN-F (proposed),0.7417639237701286,0.746662283220067,0.5642201834862385,0.5731349792929308,0.6922749067661161,0.7001926788629583,0.529888349841864
Friends,200,0,Calibrated teacher (+smoothing),0.7451617668784163,0.7432762102769949,0.6097094801223242,0.5906468185160321,0.7074054342035162,0.7030685495135286,0.5242472977890417
Friends,200,0,Supervised MLP,0.7293544098094253,0.7259233507134881,0.5894495412844036,0.5833919348016593,0.6903569525839105,0.6869121380413649,0.45628562934347194
Friends,200,0,DA-HGNN semi,0.7373319544984488,0.7429215294586647,0.5932721712538226,0.5989581624884446,0.6971763452317528,0.7038257425241052,0.5401731421912878
Friends,200,0,DA-HGNN-F (proposed),0.7435367114788004,0.7476437293656877,0.6215596330275229,0.6168891033880356,0.709536494405967,0.7129683001086968,0.5484941181043631
Friends,200,1,Calibrated teacher (+smoothing),0.7473777515142561,0.7470178280672175,0.6131498470948012,0.5873093032228549,0.7099627064464571,0.7071381623822993,0.5346798458055193
Friends,200,1,Supervised MLP,0.733638646772049,0.7337894586420132,0.5672782874617737,0.5631168617764513,0.687266915290357,0.687941912619572,0.4714037368133326
Friends,200,1,DA-HGNN semi,0.734081843699217,0.7386875702668694,0.566131498470948,0.5668298248998938,0.687266915290357,0.6918852693023673,0.5139426833111189
Friends,200,1,DA-HGNN-F (proposed),0.7436844437878564,0.7473065230975344,0.5890672782874617,0.5808962925146096,0.7005860415556739,0.7030241731449981,0.5312640151727823
Friends,200,2,Calibrated teacher (+smoothing),0.749298271531984,0.7469285923581331,0.625,0.6023787561643903,0.7146510388918487,0.7091402379482354,0.5290361654922041
Friends,200,2,Supervised MLP,0.7231496528290737,0.6860021579444953,0.6108562691131498,0.5547701170031749,0.691848694725626,0.6489920413043947,0.36475036101459685
Friends,200,2,DA-HGNN semi,0.7326045206086571,0.7346468434663317,0.5542813455657493,0.547864248625678,0.682898241875333,0.6834993144571031,0.5163727726967497
Friends,200,2,DA-HGNN-F (proposed),0.7467868222780322,0.748384021190075,0.6035932721712538,0.5939747410309374,0.7068726691529036,0.7063718988189366,0.5369123746974754
Friends,500,0,Calibrated teacher (+smoothing),0.7491505392229281,0.7475182325529384,0.6280581039755352,0.6014169552876019,0.7153969099627064,0.709933324174038,0.5384244503418859
Friends,500,0,Supervised MLP,0.7526961146402719,0.7492091905334913,0.621177370030581,0.6112221651462282,0.7160362280234417,0.7112918689923166,0.5054126073742856
Friends,500,0,DA-HGNN semi,0.7416161914610725,0.7452315231245862,0.606651376146789,0.5980169364516176,0.7039957378795951,0.7047269185966843,0.5325058721056336
Friends,500,0,DA-HGNN-F (proposed),0.74944600384104,0.7515369637343515,0.6379969418960245,0.6173278192678228,0.7183803942461374,0.7164580546868791,0.5469406213678167
Friends,500,1,Calibrated teacher (+smoothing),0.7491505392229281,0.7478923237478583,0.6353211009174312,0.604016118611674,0.7174214171550346,0.711807942108343,0.5387274297315167
Friends,500,1,Supervised MLP,0.7491505392229281,0.7440524022785859,0.6169724770642202,0.5957686527897111,0.7123068726691529,0.7051973814965306,0.4977874893936865
Friends,500,1,DA-HGNN semi,0.7360023637169449,0.7382384777612315,0.5802752293577982,0.5779428410946843,0.6925945657964837,0.6946312701871306,0.5212939065114686
Friends,500,1,DA-HGNN-F (proposed),0.7490028069138721,0.7507167998245485,0.625,0.6044749719084922,0.7144379328716036,0.7132011219167843,0.5421699075305121
Friends,500,2,Calibrated teacher (+smoothing),0.7491505392229281,0.7472869020432272,0.6311162079510704,0.5980578458876719,0.7162493340436867,0.7091210228285412,0.5261692010826688
Friends,500,2,Supervised MLP,0.7463436253508642,0.7291722302385134,0.632262996941896,0.6025021586199988,0.7145444858817261,0.6939466912123441,0.43883176396926976
Friends,500,2,DA-HGNN semi,0.7413207268429606,0.7464680401509778,0.6146788990825688,0.6064407723024637,0.7060202450719233,0.7097433555730541,0.5381953307034325
Friends,500,2,DA-HGNN-F (proposed),0.7504801300044319,0.7532942922310142,0.6387614678899083,0.6179158933419705,0.7193393713372402,0.7186979393758148,0.5427128592512297
Friends,1000,0,Calibrated teacher (+smoothing),0.7479686807504802,0.746732992184068,0.6318807339449541,0.6022093448529039,0.7156100159829515,0.7099446941329434,0.5354298862327249
Friends,1000,0,Supervised MLP,0.7741172994533905,0.7676004975103081,0.6483180428134556,0.6252003985357385,0.7390516782099095,0.7294492914210727,0.5410485929087183
Friends,1000,0,DA-HGNN semi,0.7534347761855518,0.7563765585080584,0.6376146788990825,0.6295521007645938,0.7211507725093234,0.7221545449260293,0.5534464191523902
Friends,1000,0,DA-HGNN-F (proposed),0.7528438469493278,0.7550699233939392,0.6479357798165137,0.6285845329616523,0.7236014917421417,0.7222989014450382,0.5521003055882412
Friends,1000,1,Calibrated teacher (+smoothing),0.748411877677648,0.7480448152148316,0.6357033639143731,0.5988895419297032,0.7169952051145445,0.7113657815808582,0.5378185280231016
Friends,1000,1,Supervised MLP,0.7565371546757276,0.7397377273931786,0.6444954128440367,0.5996557135753365,0.7253063399041023,0.7030807329821147,0.4508620868339582
Friends,1000,1,DA-HGNN semi,0.7563894223666716,0.7577828375717777,0.6357033639143731,0.6205759402764457,0.7227490676611614,0.7210313674886968,0.5387491612014771
Friends,1000,1,DA-HGNN-F (proposed),0.7581622100753435,0.7599231022039326,0.6498470948012233,0.6233331418296599,0.7279701651571657,0.7253420150968868,0.5500038881136254
Friends,1000,2,Calibrated teacher (+smoothing),0.7495937361500961,0.7468612214106262,0.6383792048929664,0.6030314679225951,0.7185935002663826,0.7103986353886658,0.5322085639740363
Friends,1000,2,Supervised MLP,0.7509233269315999,0.7291365615351106,0.6460244648318043,0.5949624522217397,0.7216835375599361,0.6946267487219299,0.43236737059104013
Friends,1000,2,DA-HGNN semi,0.7473777515142561,0.750670849388887,0.6303516819571865,0.6108758345938544,0.7147575919019712,0.7151437405997072,0.5423630059935073
Friends,1000,2,DA-HGNN-F (proposed),0.7550598315851677,0.7561998053945879,0.6532874617737003,0.6223200788779701,0.7266915290356952,0.7232458631767568,0.5483316475963688
Friends,2000,0,Calibrated teacher (+smoothing),0.7473777515142561,0.7456747688293335,0.6383792048929664,0.6055886298792451,0.7169952051145445,0.7102131560221431,0.5347672139955256
Friends,2000,0,Supervised MLP,0.7705717240360467,0.7610455929301997,0.6517584097859327,0.6253659095538887,0.7374533830580714,0.7241689914354308,0.5148228739406705
Friends,2000,0,DA-HGNN semi,0.7544689023489437,0.7562656521121347,0.6429663608562691,0.6292678667502536,0.7233883857218967,0.7222023840881712,0.5444456825014108
Friends,2000,0,DA-HGNN-F (proposed),0.7538779731127198,0.7550663700908696,0.6567278287461774,0.6333296349734802,0.7267980820458178,0.7236683292589066,0.5476383859866346
Friends,2000,1,Calibrated teacher (+smoothing),0.7487073422957601,0.7483854038384554,0.6353211009174312,0.6035853441910506,0.717101758124667,0.7118869114728699,0.538578389220646
Friends,2000,1,Supervised MLP,0.7754468902348943,0.7698787883913834,0.6548165137614679,0.62667327279327,0.7418220564730954,0.7321018384689166,0.5403273808601948
Friends,2000,1,DA-HGNN semi,0.748855074604816,0.7502862677878763,0.639525993883792,0.616869821932771,0.7183803942461374,0.7154406491118079,0.5418634391694032
Friends,2000,1,DA-HGNN-F (proposed),0.7538779731127198,0.7549556627054599,0.6502293577981652,0.6195028768917921,0.7249866808737346,0.7209586848063839,0.5489249819264661
Friends,2000,2,Calibrated teacher (+smoothing),0.7476732161323681,0.7462896207390012,0.6372324159021406,0.6031546523513954,0.716888652104422,0.710058011380963,0.5335193770204267
Friends,2000,2,Supervised MLP,0.7682080070911508,0.7574476578357938,0.64717125382263,0.6130416010075355,0.7344698987746404,0.7192102125586276,0.49670941836877675
Friends,2000,2,DA-HGNN semi,0.7563894223666716,0.7581844971501132,0.643348623853211,0.6289041817867187,0.7248801278636121,0.7237349904478162,0.5455923908135287
Friends,2000,2,DA-HGNN-F (proposed),0.7565371546757276,0.7578912846277931,0.6551987767584098,0.629536182037951,0.7282898241875333,0.7250583208942348,0.5465197708166364
TEC,50,0,Calibrated teacher (+smoothing),0.5160832964111652,0.49174762276022177,0.3921886249100072,0.37952313604611515,0.47520931061100885,0.4590448738418987,0.4003560408441851
TEC,50,0,Supervised MLP,0.5171466548515729,0.49763077009451523,0.41540676745860333,0.3888362112151684,0.48358173505136276,0.4608997243756654,0.3523034550921296
TEC,50,0,DA-HGNN semi,0.5128932210899424,0.5177586249348048,0.3993880489560835,0.40586751935590526,0.47544682619796924,0.4798651773191216,0.4226862784635695
TEC,50,0,DA-HGNN-F (proposed),0.5198050509525919,0.5195955754225432,0.40442764578833695,0.40824878635786116,0.4817409892524197,0.4825470559210312,0.4239195368929851
TEC,50,1,Calibrated teacher (+smoothing),0.4765618077093487,0.4785974909307823,0.4035277177825774,0.3833631820640285,0.4524671931595511,0.4456744989542255,0.38219760982849577
TEC,50,1,Supervised MLP,0.44856003544528134,0.39284236264040745,0.3781497480201584,0.33486847347646254,0.42533103734932604,0.37267909646390435,0.28064066587915415
TEC,50,1,DA-HGNN semi,0.49836065573770494,0.5088609222671937,0.37311015118790497,0.36991427828328005,0.4570393682085387,0.46547343951637216,0.4144586634629577
TEC,50,1,DA-HGNN-F (proposed),0.5035002215330084,0.5128837694476307,0.38894888408927286,0.3809484177353652,0.46570868713259306,0.4707497287753387,0.41570244525920774
TEC,50,2,Calibrated teacher (+smoothing),0.5182100132919805,0.5027087876558288,0.4083873290136789,0.247569403417407,0.4819785048393801,0.4441666931653293,0.3814709563482106
TEC,50,2,Supervised MLP,0.4457244129375277,0.38233291914857725,0.3907487401007919,0.3194151550165658,0.4275874354254498,0.36280220365519605,0.24292130113688717
TEC,50,2,DA-HGNN semi,0.5111209570225964,0.5118488847475164,0.4011879049676026,0.3978112113354551,0.47485303723056826,0.47393753607767997,0.423018037542914
TEC,50,2,DA-HGNN-F (proposed),0.5163491360212672,0.5155945346344598,0.4031677465802736,0.3852783845089456,0.47900956000237516,0.47385695624590074,0.41913669107789825
TEC,100,0,Calibrated teacher (+smoothing),0.5172352680549401,0.4869903644249438,0.3954283657307415,0.3372251827633146,0.4770500564099519,0.44359609692285606,0.38456936008863335
TEC,100,0,Supervised MLP,0.4594594594594595,0.3413251764611572,0.4195464362850972,0.2861333379798617,0.44629178789858087,0.32467333286736144,0.20768921622272396
TEC,100,0,DA-HGNN semi,0.5173238812583075,0.5198383491433444,0.4105471562275018,0.414188569887432,0.4820972626328603,0.48414218095940503,0.421759777954923
TEC,100,0,DA-HGNN-F (proposed),0.524501550731059,0.5233654744036818,0.40946724262059037,0.40926290459066733,0.4865506798883677,0.48526694859521624,0.42460893070969874
TEC,100,1,Calibrated teacher (+smoothing),0.5155516171909614,0.5208119442220172,0.39776817854571633,0.3830569359508704,0.4766937830295113,0.47641021453681376,0.41940205673777126
TEC,100,1,Supervised MLP,0.47877713779353126,0.4655621558713993,0.37365010799136067,0.36384927797625793,0.4440947687191972,0.4314773858264149,0.3352426597145983
TEC,100,1,DA-HGNN semi,0.4933097031457687,0.4999455398530954,0.37293016558675307,0.3690009207973401,0.45359539219761297,0.4578039314283654,0.4105493653525094
TEC,100,1,DA-HGNN-F (proposed),0.5006645990252547,0.5091611899242412,0.38228941684665224,0.3784194437677997,0.4616115432575263,0.4668771275599925,0.42422899032668865
TEC,100,2,Calibrated teacher (+smoothing),0.5185644661054497,0.5098365298749746,0.4114470842332613,0.35983062152570955,0.4832254616709222,0.4644875371820883,0.4058679341208052
TEC,100,2,Supervised MLP,0.47913159060700045,0.3879627969130224,0.41630669546436283,0.3170871561071556,0.45840508283356096,0.3651412893276208,0.2792314043212713
TEC,100,2,DA-HGNN semi,0.5138679663269827,0.5170256633745782,0.4065874730021598,0.41110813359442877,0.47847514993171425,0.4814403522236283,0.43058846245346877
TEC,100,2,DA-HGNN-F (proposed),0.5192733717323881,0.5214448963585325,0.40946724262059037,0.4051315720447426,0.48304732498070185,0.48316027627475866,0.4288923322323659
TEC,200,0,Calibrated teacher (+smoothing),0.5179441736818786,0.4963896145466098,0.4215262778977682,0.3730815848940124,0.486135027611187,0.4573003955844746,0.3992182245948499
TEC,200,0,Supervised MLP,0.5276916260522818,0.48257340116779646,0.4526637868970482,0.3927364734976769,0.5029392553886349,0.4548988129900173,0.3499635754297625
TEC,200,0,DA-HGNN semi,0.5319450598139123,0.5356177208881032,0.4350251979841613,0.42046715073476937,0.49997031055162994,0.49912765028898193,0.4452765970067454
TEC,200,0,DA-HGNN-F (proposed),0.5407177669472751,0.5369208422314321,0.4510439164866811,0.4261178056766603,0.5111335431387685,0.5021489406281179,0.44329986414463773
TEC,200,1,Calibrated teacher (+smoothing),0.5187416925121843,0.5086646841396999,0.42044636429085674,0.3604625567708275,0.48631316430140725,0.4653099506603288,0.4049284766471705
TEC,200,1,Supervised MLP,0.5400088613203368,0.5127352288507085,0.44906407487401007,0.4212400128275107,0.5100053441007066,0.4821842973377201,0.40588891109290387
TEC,200,1,DA-HGNN semi,0.5357554275587062,0.5386796262875504,0.4456443484521238,0.43031570071258046,0.50602695801912,0.5050541442135799,0.4440582453439678
TEC,200,1,DA-HGNN-F (proposed),0.5378821444395215,0.5377962891127809,0.4557235421166307,0.42571838323414124,0.5107772697583279,0.5033698189544474,0.44256174033602497
TEC,200,2,Calibrated teacher (+smoothing),0.5198936641559593,0.5126041878429103,0.40460763138948885,0.3850198748263692,0.4818597470458999,0.4707672918844378,0.4085382680094946
TEC,200,2,Supervised MLP,0.5011962782454585,0.4560679862320146,0.429625629949604,0.3814971381648498,0.4775844664806128,0.4315472382875545,0.32106625360352053
TEC,200,2,DA-HGNN semi,0.5253876827647319,0.5308838663687973,0.43466522678185743,0.4258272685797988,0.49545751439938246,0.49744584913744044,0.44252304626493505
TEC,200,2,DA-HGNN-F (proposed),0.5315019937970757,0.5349854379474783,0.43610511159107274,0.4251114299844548,0.50002968944837,0.4996830247048844,0.4404440129082428
TEC,500,0,Calibrated teacher (+smoothing),0.5183872396987151,0.5036290392853697,0.41576673866090713,0.37980942323021677,0.4845317973992043,0.4641408867783564,0.40767285995582486
TEC,500,0,Supervised MLP,0.5608329641116526,0.5496872744152146,0.47606191504679624,0.45633776829625955,0.5328662193456446,0.5195031915455698,0.4471491134802528
TEC,500,0,DA-HGNN semi,0.5472751439964555,0.5534257383571894,0.46202303815694745,0.468123120291935,0.5191496941986818,0.5253239630784118,0.45699203180196496
TEC,500,0,DA-HGNN-F (proposed),0.5500221533008418,0.5512332463132086,0.4632829373650108,0.4545491412158924,0.5214060922748055,0.5198226246282057,0.455547915626551
TEC,500,1,Calibrated teacher (+smoothing),0.5180327868852459,0.5085271331585335,0.4110871130309575,0.37664153684160373,0.4827504304970014,0.46640671449187926,0.4079926373594646
TEC,500,1,Supervised MLP,0.5648205582631812,0.561095840574939,0.4631029517638589,0.4579368767194195,0.5312629891336619,0.5270567253491303,0.4543832068253993
TEC,500,1,DA-HGNN semi,0.5469206911829863,0.5541245784369813,0.4501439884809215,0.4561130428805244,0.5149931714268748,0.5218518973265204,0.4563985906288459
TEC,500,1,DA-HGNN-F (proposed),0.5463890119627824,0.5507455345974557,0.46472282217422606,0.45919648279883274,0.5194465886823822,0.5210159181522042,0.4584558984757265
TEC,500,2,Calibrated teacher (+smoothing),0.5225520602569783,0.517505607059156,0.4008279337652988,0.38705719410199513,0.48239415711656075,0.4741568895839274,0.41477462132449133
TEC,500,2,Supervised MLP,0.5640230394328755,0.5544494698598279,0.4839812814974802,0.47355376687344414,0.5376165310848524,0.5272641960506037,0.44575605883875885
TEC,500,2,DA-HGNN semi,0.5357554275587062,0.5436643567424698,0.43880489560835134,0.44305876435443015,0.5037705599429962,0.5108413265010635,0.4486494870028779
TEC,500,2,DA-HGNN-F (proposed),0.5369960124058485,0.5418410977640361,0.43628509719222464,0.4355784190201971,0.5037705599429962,0.5067459352966982,0.4442450553888804
TEC,1000,0,Calibrated teacher (+smoothing),0.521311475409836,0.5080068303304832,0.4168466522678186,0.3774771581352807,0.48684757437206816,0.46751257746697633,0.40782527264072616
TEC,1000,0,Supervised MLP,0.5839610101905184,0.5797150618702698,0.5046796256299496,0.49864131882191026,0.557805355976486,0.5529375619278568,0.4726018703598604
TEC,1000,0,DA-HGNN semi,0.5502879929109438,0.5572495448826212,0.4703023758099352,0.471320624675793,0.5239000059378897,0.5296167695878701,0.46053182241311136
TEC,1000,0,DA-HGNN-F (proposed),0.5512627381479841,0.5531361222902528,0.46724262059035276,0.45461409484595566,0.5235437325574491,0.5219942319094203,0.45808120227546817
TEC,1000,1,Calibrated teacher (+smoothing),0.5205139565795304,0.5115030805784737,0.42026637868970484,0.37432704921374055,0.48744136333946914,0.46889891732992894,0.4091477966243943
TEC,1000,1,Supervised MLP,0.5837837837837838,0.5823646918476245,0.4820014398848092,0.4778847679457506,0.5502048571937533,0.5482614974837193,0.4702233769096888
TEC,1000,1,DA-HGNN semi,0.565352237483385,0.5717286747389511,0.47786177105831534,0.47779017410304897,0.5364883320467906,0.5416232464111276,0.47063442737160627
TEC,1000,1,DA-HGNN-F (proposed),0.5525919361984936,0.5560561415424652,0.47858171346292294,0.4674278245578179,0.5281752865031768,0.5277954898288425,0.459479920181276
TEC,1000,2,Calibrated teacher (+smoothing),0.5211342490031015,0.5116265457739806,0.4152267818574514,0.3794756268893092,0.48619440650792706,0.4695374894095702,0.4088794720109002
TEC,1000,2,Supervised MLP,0.5752769162605228,0.5789465623818477,0.49838012958963285,0.49978607538173314,0.5499079627100528,0.5528772918853551,0.47782917116172824
TEC,1000,2,DA-HGNN semi,0.5604785112981834,0.5655232127593601,0.4721022318214543,0.4680360773982192,0.531322368030402,0.5344562841466906,0.46188739746085467
TEC,1000,2,DA-HGNN-F (proposed),0.552414709791759,0.554556164284258,0.46238300935925125,0.44762949075518416,0.5227124280030877,0.5207332882928374,0.4514812959641306
TEC,2000,0,Calibrated teacher (+smoothing),0.5204253433761631,0.5131647913562105,0.41612670986321093,0.38096547571963363,0.4860162698177068,0.4721680203421816,0.41448900765307967
TEC,2000,0,Supervised MLP,0.6100132919805051,0.6089557105204116,0.5359971202303816,0.5317683807603056,0.5855946796508521,0.5835489191869514,0.5058627900527108
TEC,2000,0,DA-HGNN semi,0.5642002658396101,0.5710290642914398,0.49820014398848095,0.5027328129931199,0.5424262217208005,0.5494383552044892,0.48243435912121635
TEC,2000,0,DA-HGNN-F (proposed),0.5552503322995126,0.5582625692887194,0.4888408927285817,0.481329995460855,0.5333412505195654,0.5339032994942577,0.4703333467831405
TEC,2000,1,Calibrated teacher (+smoothing),0.5217545414266725,0.5117332376987199,0.4130669546436285,0.3758447115741505,0.4858975120242266,0.4688502863716411,0.40678217516494014
TEC,2000,1,Supervised MLP,0.6050509525919362,0.6009345209737254,0.5269978401727862,0.5170072361781916,0.5793005165964017,0.5737516382228949,0.4963813301371973
TEC,2000,1,DA-HGNN semi,0.5649977846699158,0.57057656836274,0.5104391648668106,0.5117288609091024,0.546998396769788,0.5512668147637145,0.4853034200393173
TEC,2000,1,DA-HGNN-F (proposed),0.5583517944173682,0.5608754037421378,0.5003599712023038,0.4910509430664711,0.5392197612968351,0.5383138007200866,0.4731334283938134
TEC,2000,2,Calibrated teacher (+smoothing),0.5214000886132034,0.5130972212177012,0.41810655147588194,0.379991500738333,0.48732260554598894,0.471489873900199,0.41151882828533487
TEC,2000,2,Supervised MLP,0.614089499335401,0.6127750678953872,0.5359971202303816,0.5285928272966123,0.5883261089008966,0.5853049525516918,0.5078141746283128
TEC,2000,2,DA-HGNN semi,0.5667700487372619,0.5720302181309516,0.505759539236861,0.5046490218763614,0.5466421233893475,0.5504681327887159,0.48394922571148324
TEC,2000,2,DA-HGNN-F (proposed),0.5575542755870625,0.560043180345104,0.48812095032397407,0.47415637825345625,0.5346475862478475,0.5328501972936459,0.46532521690792367
