dataset,emotion,support,DA-HGNN-F,RoBERTa-large,gain
Friends,anger,216,0.3287671232876712,0.2731554160125589,0.05561170727511233
Friends,disgust,92,0.35526315789473684,0.24603174603174602,0.10923141186299082
Friends,fear,89,0.125,0.23404255319148937,-0.10904255319148937
Friends,joy,396,0.5608856088560885,0.5297029702970297,0.031182638559058784
Friends,neutral,1465,0.7902813299232737,0.5733558178752108,0.21692551204806287
Friends,sadness,124,0.36199095022624433,0.38620689655172413,-0.024215946325479798
Friends,surprise,234,0.3219954648526077,0.362043795620438,-0.040048330767830265
GoEmotions,anger,399,0.27151051625239003,0.2471505698860228,0.024359946366367236
GoEmotions,disgust,182,0.09243697478991597,0.09101251422070535,0.0014244605692106255
GoEmotions,fear,110,0.08333333333333333,0.16541353383458646,-0.08208020050125313
GoEmotions,joy,506,0.28,0.349527665317139,-0.069527665317139
GoEmotions,neutral,5233,0.8697529797892555,0.4816811834646758,0.38807179632457967
GoEmotions,sadness,317,0.17989417989417988,0.2621951219512195,-0.08230094205703964
GoEmotions,surprise,151,0.11483253588516747,0.08680555555555555,0.028026980329611914
TEC,anger,416,0.2597701149425287,0.24609375,0.013676364942528718
TEC,disgust,215,0.23776223776223776,0.1670061099796334,0.07075612778260437
TEC,fear,596,0.3258845437616387,0.1940463065049614,0.13183823725667732
TEC,joy,2244,0.6166803615447822,0.42656379167814823,0.190116569866634
TEC,sadness,1019,0.3970223325062035,0.3633044272021908,0.033717905304012696
TEC,surprise,1066,0.3599137931034483,0.3367901234567901,0.023123669646658185
