dataset,system,acc_T,f1_T,gain vs paper (acc pts),gain vs paper (F1 pts)
GoEmotions,Paper reported: HGNN-Min,0.737,0.738,0.0,0.0
GoEmotions,Paper HGNN-Max (3A replication),0.6658101751195794,0.6962203449909338,-7.118982488042058,-4.177965500906621
GoEmotions,RoBERTa-large (raw),0.6164367316282563,0.652464504367331,-12.05632683717437,-8.553549563266893
GoEmotions,FT RoBERTa-large (LoRA),0.7710874807289401,0.7738606227140916,3.408748072894008,3.586062271409163
GoEmotions,"DA-HGNN-F (v1, 3B)",0.7882752895600269,0.7850722243131811,5.127528956002692,4.707222431318114
GoEmotions,DA-HGNN-E (proposed v2),0.8013835632683717,0.7951643144350121,6.4383563268371695,5.716431443501213
Friends,Paper reported: HGNN-Max,0.535,0.578,0.0,0.0
Friends,Paper HGNN-Max (3A replication),0.6345231752797017,0.6438693812528196,9.952317527970166,6.586938125281961
Friends,RoBERTa-large (raw),0.6495471497069792,0.6633060440048414,11.454714970697921,8.530604400484144
Friends,FT RoBERTa-large (LoRA),0.7134576451784762,0.708100824164298,17.845764517847616,13.010082416429803
Friends,"DA-HGNN-F (v1, 3B)",0.718785295684603,0.7167834656953904,18.3785295684603,13.878346569539046
Friends,DA-HGNN-E (proposed v2),0.73167820990943,0.7235303590644746,19.667820990942996,14.553035906447464
TEC,Paper reported: HGNN-Min,0.436,0.443,0.0,0.0
TEC,Paper HGNN-Max (3A replication),0.40460780238703165,0.4320734887934884,-3.139219761296835,-1.0926511206511613
TEC,RoBERTa-large (raw),0.3917819606911704,0.4372766613632827,-4.4218039308829615,-0.5723338636717312
TEC,FT RoBERTa-large (LoRA),0.54584644617303,0.5412172516983075,10.984644617303003,9.821725169830748
TEC,"DA-HGNN-F (v1, 3B)",0.5166439047562497,0.518011446311079,8.064390475624966,7.5011446311078975
TEC,DA-HGNN-E (proposed v2),0.552449379490529,0.5464994958512888,11.644937949052897,10.349949585128876
