dataset,agg,hidden,layers,nonagreed,val_loss,best_epoch,acc_C,f1_C,precision_C,recall_C,acc_NC,f1_NC,precision_NC,recall_NC,acc_T,f1_T,precision_T,recall_T,sim_roberta
GoEmotions,mean,32,1,scores,0.036504361778497696,299,0.7128743036211699,0.7367819770277456,0.8158992421973114,0.7128743036211699,0.36020821283979176,0.43734154635992517,0.6693417165628547,0.36020821283979176,0.6164574175389773,0.6547066065731635,0.7747456447949851,0.6164574175389773,0.7364725973245628
GoEmotions,mean,32,1,zero,0.03143329173326492,299,0.7142235376044568,0.7379817458487632,0.8160997587470682,0.7142235376044568,0.07056101792943899,0.03023129020139098,0.026874654164173166,0.07056101792943899,0.5382498972202018,0.5915694346138649,0.7894869297541202,0.5382498972202018,0.7791973688371652
GoEmotions,mean,32,2,scores,0.019472435116767883,290,0.7137447771587744,0.7376424485456761,0.8160495454330461,0.7137447771587744,0.356737998843262,0.43264780148669457,0.6603584019731578,0.356737998843262,0.6161411720059454,0.6534789594814203,0.7719036698689663,0.6161411720059454,0.749027544985927
GoEmotions,mean,32,2,zero,0.016556037589907646,298,0.7137012534818942,0.7375793646584892,0.8161239064214595,0.7137012534818942,0.1359167148640833,0.18628990021256767,0.5670322502586284,0.1359167148640833,0.5557382751968628,0.6009301609850006,0.7622214944806834,0.5557382751968628,0.7693621327598748
GoEmotions,mean,32,3,scores,0.013960686512291431,296,0.713266016713092,0.7372190131984597,0.8159435473256265,0.713266016713092,0.2688259109311741,0.34012575699995135,0.6394351433354079,0.2688259109311741,0.5917586414091901,0.6323529864135327,0.7684584982378194,0.5917586414091901,0.7527592422757029
GoEmotions,mean,32,3,zero,0.013413326814770699,294,0.7133530640668524,0.7373166378177965,0.8160267137365815,0.7133530640668524,0.5356853672643146,0.5651819089114055,0.6058364954966556,0.5356853672643146,0.6647797349862433,0.6956638585493682,0.7637839618868737,0.6647797349862433,0.7951677682552734
GoEmotions,mean,64,1,scores,0.022789688780903816,299,0.713483635097493,0.7373049032992014,0.8158319322598419,0.713483635097493,0.3592828224407172,0.43728245539154603,0.6677082443946996,0.3592828224407172,0.6166471648587963,0.655025890720742,0.7742998953199453,0.6166471648587963,0.7373897093703552
GoEmotions,mean,64,1,zero,0.02140212245285511,297,0.7133095403899722,0.7371786752882719,0.8159210727346865,0.7133095403899722,0.06292654713707345,0.02668073749618974,0.025892590344910416,0.06292654713707345,0.5354985610828247,0.58211284719393,0.7764136136665556,0.5354985610828247,0.7619619872869295
GoEmotions,mean,64,2,scores,0.016850586980581284,260,0.713266016713092,0.7371868560745698,0.8158294504208033,0.713266016713092,0.3097744360902256,0.3801585154196255,0.6561980894539674,0.3097744360902256,0.6029537332785174,0.6416318801481367,0.7716965167281056,0.6029537332785174,0.7545934663672875
GoEmotions,mean,64,2,zero,0.01579623855650425,245,0.713483635097493,0.737390851106134,0.816022584865536,0.713483635097493,0.12353961827646039,0.1720060743133605,0.5494139005627052,0.12353961827646039,0.5521963252269062,0.6045384515091523,0.7726295772935758,0.5521963252269062,0.762373106479871
GoEmotions,mean,64,3,scores,0.01355664897710085,210,0.7134401114206128,0.7373767555408932,0.816162794970224,0.7134401114206128,0.2507807981492192,0.31028171046009295,0.6622257796190076,0.2507807981492192,0.586951709307106,0.6269860274411305,0.7720756029174978,0.586951709307106,0.7530754878087347
GoEmotions,mean,64,3,zero,0.010746041312813759,266,0.7133095403899722,0.7372737098474746,0.8160733327450939,0.7133095403899722,0.4251012145748988,0.4953117586627608,0.6096593557233206,0.42510121457489874,0.6345150374750956,0.6696605482449097,0.7594490941368616,0.6345150374750956,0.7868821352898391
GoEmotions,mean,128,1,scores,0.01769155077636242,297,0.713657729805014,0.7375021366601854,0.8158349922867406,0.713657729805014,0.3597455176402545,0.43753556594926474,0.6673231390468849,0.3597455176402545,0.6169001612852218,0.6553164272806871,0.7743344620344682,0.6169001612852218,0.7376743303500838
GoEmotions,mean,128,1,zero,0.01640322431921959,296,0.7133530640668524,0.7372665716379173,0.8159721708876589,0.7133530640668524,0.06894158473105841,0.029122846615812527,0.035078814794610176,0.06894158473105841,0.5371746624078935,0.5959336445771911,0.7994891517204609,0.5371746624078935,0.7809050947155372
GoEmotions,mean,128,2,scores,0.01519193034619093,243,0.7132224930362117,0.7371779223078053,0.8159590089072621,0.7132224930362117,0.3482938114517062,0.42152299189072856,0.662778514292545,0.3482938114517062,0.6134530849751747,0.6508507205136747,0.7724195594978481,0.6134530849751747,0.7476676891938902
GoEmotions,mean,128,2,zero,0.014353243634104729,201,0.7133965877437326,0.7373058156901686,0.8159539122493762,0.7133965877437326,0.1683053788316946,0.2347923447402627,0.6035040564915943,0.1683053788316946,0.5643717782486323,0.6137302497991033,0.7701927411170534,0.5643717782486323,0.7698681256127258
GoEmotions,mean,128,3,scores,0.015985893085598946,180,0.7133095403899722,0.7372535685651915,0.8160106799571907,0.7133095403899722,0.24164256795835742,0.29528097363544326,0.6554688527802496,0.24164256795835742,0.5843584959362449,0.6235404497881888,0.7701236478265862,0.5843584959362449,0.7525694949558838
GoEmotions,mean,128,3,zero,0.009695244021713734,154,0.713266016713092,0.7372330592664023,0.8159374406666811,0.713266016713092,0.07703875072296125,0.08679242232488231,0.5509008194821954,0.07703875072296125,0.5393251320325101,0.5809616612073564,0.7587405520809682,0.5393251320325101,0.759115777489643
GoEmotions,mean,300,1,scores,0.013817733153700829,295,0.7129613509749304,0.7369014502871604,0.8157278193675884,0.7129613509749304,0.36448814343551184,0.44282187153306557,0.6657320597762532,0.36448814343551184,0.6176907751178015,0.6560335021074104,0.7738344316462354,0.6176907751178015,0.735998229025015
GoEmotions,mean,300,1,zero,0.01223689690232277,293,0.7131354456824512,0.7370949130806353,0.8160437033616156,0.7131354456824512,0.061885482938114515,0.03514716438959424,0.029655736548071875,0.061885482938114515,0.5350874418898833,0.5926318335529575,0.7915738194550727,0.5350874418898833,0.7723348407703741
GoEmotions,mean,300,2,scores,0.013077340088784695,160,0.713483635097493,0.7374191784219647,0.8160037225813407,0.713483635097493,0.3553499132446501,0.4314681575221149,0.6611044481694782,0.3553499132446501,0.6155719300464881,0.6535045187253964,0.7725625635470333,0.6155719300464881,0.7411530312134341
GoEmotions,mean,300,2,zero,0.011523740366101265,155,0.7133965877437326,0.737347421405224,0.8160452690183967,0.7133965877437326,0.33522267206477735,0.4130799902274374,0.5593024959512644,0.33522267206477735,0.6100060086651276,0.6519836363677753,0.7562701064442922,0.6100060086651276,0.7718288479175232
GoEmotions,mean,300,3,scores,0.014312625862658024,75,0.7140929665738162,0.7379849245335224,0.8158839096440551,0.7140929665738162,0.36888374783111627,0.4450222412488511,0.6598076844418211,0.36888374783111627,0.6197147465292053,0.6570640003918593,0.7719379359559582,0.6197147465292053,0.7366623446443819
GoEmotions,mean,300,3,zero,0.010743246413767338,155,0.7134401114206128,0.7373918100601491,0.8160251611665766,0.7134401114206128,0.04962406015037594,0.04220800933911376,0.5624375483830921,0.04962406015037594,0.5319566111128681,0.5813396123724601,0.772833524702081,0.5319566111128681,0.7588944056165207
GoEmotions,mean,512,1,scores,0.012672210112214088,299,0.7127872562674095,0.7367428192669134,0.8156219144138825,0.7127872562674095,0.372700983227299,0.4509154054292488,0.6643056624577414,0.372700983227299,0.6198096201891148,0.6578809813381832,0.7734941862013558,0.6198096201891148,0.7335631384206698
GoEmotions,mean,512,1,zero,0.01048621628433466,297,0.7133530640668524,0.7372917706531898,0.8161469533976855,0.7133530640668524,0.08085598611914402,0.03435584861241656,0.029379525425493644,0.08085598611914402,0.5404319913981215,0.5891433246471997,0.7855821940654147,0.5404319913981215,0.7871035071629613
GoEmotions,mean,512,2,scores,0.01092339213937521,128,0.7137012534818942,0.7376078893011027,0.8159463869153313,0.7137012534818942,0.3989589358010411,0.4748917263722062,0.6580817976353373,0.3989589358010411,0.6276525094083046,0.6644098416362321,0.7722113291699748,0.6276525094083046,0.7325195281616648
GoEmotions,mean,512,2,zero,0.011231298558413982,112,0.7137012534818942,0.7375985951944148,0.8159848281958018,0.7137012534818942,0.16495083863504917,0.2217362639696262,0.5150990081253584,0.16495083863504917,0.5636760380759622,0.6110532015563191,0.7601564081940677,0.5636760380759622,0.7586414091900952
GoEmotions,mean,512,3,scores,0.012406283989548683,58,0.7134401114206128,0.7373898508501755,0.8159504885631939,0.7134401114206128,0.40161943319838056,0.4776405522820052,0.6578383746274881,0.40161943319838056,0.6281901268144587,0.6650531720552606,0.7723581411366087,0.6281901268144587,0.7324562790550584
GoEmotions,mean,512,3,zero,0.010803904384374619,87,0.7137883008356546,0.7376882105265902,0.8159949895803381,0.7137883008356546,0.09589358010410642,0.12971386017180714,0.46665819069348385,0.09589358010410642,0.5448594288605674,0.6014995872929558,0.7723558120862613,0.5448594288605674,0.7540874735144366
GoEmotions,attention,32,1,scores,0.03487123176455498,298,0.7131354456824512,0.7370066403905289,0.8158766618087296,0.7131354456824512,0.3595141700404858,0.4369453240680207,0.6705581706157666,0.3595141700404858,0.6164574175389773,0.6547930594721593,0.7749982719711691,0.6164574175389773,0.7383700705227538
GoEmotions,attention,32,1,zero,0.030634183436632156,299,0.7133965877437326,0.7372174925479557,0.8155924189201792,0.7133965877437326,0.04731058415268941,0.026696025599225112,0.5759356551011934,0.04731058415268941,0.5312924954935011,0.5877036165173477,0.7872976380151717,0.5312924954935011,0.7629739729926315
GoEmotions,attention,32,2,scores,0.022453956305980682,299,0.7150940111420613,0.7387377526945538,0.8158628411518241,0.7150940111420613,0.351417004048583,0.42551260943908376,0.6662759669678552,0.351417004048583,0.6156668037063976,0.653079183389075,0.7729219592389449,0.6156668037063976,0.7493754150722621
GoEmotions,attention,32,2,zero,0.019055260345339775,296,0.713483635097493,0.737396391089471,0.815569141891484,0.713483635097493,0.16402544823597456,0.2154237737409562,0.5743260452149078,0.16402544823597456,0.5632649188830208,0.618502784838464,0.7827045242976975,0.5632649188830208,0.7776793902786123
GoEmotions,attention,32,3,scores,0.015594404190778732,255,0.7132224930362117,0.7371744118153318,0.8159793011279537,0.7132224930362117,0.19398496240601504,0.24255511968247703,0.6596355199151134,0.19398496240601504,0.5712659308687265,0.6145373343558831,0.7735416627073546,0.5712659308687265,0.7566806868852978
GoEmotions,attention,32,3,zero,0.013543486595153809,287,0.7132224930362117,0.73717231717832,0.8158623069637486,0.7132224930362117,0.0984384037015616,0.09955096756923618,0.546627030988618,0.0984384037015616,0.545144049840296,0.5876279106254051,0.7656592671328872,0.545144049840296,0.772145093450555
GoEmotions,attention,64,1,scores,0.023870505392551422,299,0.7135271587743732,0.7373635336071838,0.8158041707121263,0.7135271587743732,0.3611336032388664,0.43807614817315244,0.6686548545966038,0.3611336032388664,0.6171847822649505,0.6552733451819589,0.7744003949167633,0.6171847822649505,0.7385914423958762
GoEmotions,attention,64,1,zero,0.022974230349063873,299,0.713483635097493,0.737344320467274,0.8159611027220165,0.713483635097493,0.04904569115095431,0.024191307002627123,0.7824497954617757,0.04904569115095431,0.5318301128996553,0.5929199890200827,0.7964096979491003,0.5318301128996553,0.7677809050947155
GoEmotions,attention,64,2,scores,0.014245382510125637,293,0.713657729805014,0.7376264024120162,0.816104373429572,0.713657729805014,0.2814343551185656,0.3469102894637743,0.666351759627018,0.2814343551185656,0.5954903386989658,0.6356179007656012,0.7744146301485691,0.5954903386989658,0.7523164985294583
GoEmotions,attention,64,2,zero,0.015447720885276794,257,0.7131354456824512,0.7370613502006933,0.8157338396435952,0.7131354456824512,0.5632157316367843,0.5743575810719184,0.6032728093243365,0.5632157316367843,0.6721482559058853,0.6966311159920533,0.7520292101616852,0.6721482559058853,0.7943139053160874
GoEmotions,attention,64,3,scores,0.01174004003405571,181,0.7130483983286908,0.7370550096928576,0.816048299828336,0.7130483983286908,0.2662810873337189,0.32430616066595785,0.6692318714580378,0.2662810873337189,0.5909047784700041,0.6288641499191597,0.770932009858603,0.5909047784700041,0.7558268239461118
GoEmotions,attention,64,3,zero,0.009202651679515839,298,0.713266016713092,0.7372169991085341,0.8160742520858958,0.713266016713092,0.25425101214574897,0.33698565344423287,0.6157298961316585,0.25425101214574897,0.5877739476929889,0.6278126887797553,0.7593699371978774,0.5877739476929889,0.7751494260143575
GoEmotions,attention,128,1,scores,0.018306830897927284,299,0.7135706824512534,0.7374336717171366,0.8158945961997592,0.7135706824512534,0.3588201272411799,0.436314370399591,0.6683852564949564,0.3588201272411799,0.61658391575219,0.6549675745055098,0.7745638435845792,0.61658391575219,0.738211947756238
GoEmotions,attention,128,1,zero,0.01701545901596546,296,0.713091922005571,0.7370219959747721,0.8158921229847653,0.713091922005571,0.06362058993637941,0.033418644382056585,0.026757044766238275,0.06362058993637941,0.5355301856361279,0.5872439185377455,0.7829684300079427,0.5355301856361279,0.7718604724708263
GoEmotions,attention,128,2,scores,0.01520080491900444,160,0.7132224930362117,0.7371602430365284,0.8157295266511607,0.7132224930362117,0.3672643146327357,0.44455652862667994,0.6634433524410827,0.3672643146327357,0.618639511716897,0.656569233215143,0.7732169873706376,0.618639511716897,0.7385914423958762
GoEmotions,attention,128,2,zero,0.014749439433217049,176,0.7133530640668524,0.7372887009526827,0.8158655919008135,0.7133530640668524,0.19629843840370156,0.2716528852976982,0.5318116722594294,0.19629843840370156,0.5719932955946997,0.6227042071978892,0.7632823173475354,0.5719932955946997,0.7613611207741691
GoEmotions,attention,128,3,scores,0.014818545430898666,128,0.7139623955431755,0.7378210118519466,0.8158844865867507,0.7139623955431755,0.27923655292076344,0.3441042130724381,0.6638236072794088,0.27923655292076344,0.5951108440593277,0.634463385254422,0.7726885744653623,0.5951108440593277,0.750039530691629
GoEmotions,attention,128,3,zero,0.009449319913983345,151,0.7133530640668524,0.7373186948860422,0.8160648828308541,0.7133530640668524,0.3739733950260266,0.4509820970795643,0.5839938752705326,0.3739733950260266,0.6205686094683912,0.6605469423310247,0.7600566194371657,0.6205686094683912,0.7772998956389741
GoEmotions,attention,300,1,scores,0.013500453904271126,295,0.7131354456824512,0.7370704703298167,0.8158059413901522,0.7131354456824512,0.36576055523423945,0.4437154596636709,0.6647666090663003,0.36576055523423945,0.6181651434173492,0.6564023281396363,0.7737191129395417,0.6181651434173492,0.7357452325985896
GoEmotions,attention,300,1,zero,0.012063482776284218,294,0.7133095403899722,0.7372675573618964,0.8160778543817631,0.7133095403899722,0.052168883747831116,0.0276721956555346,0.026500842099585874,0.052168883747831116,0.5325574776256286,0.5960953522324418,0.797513955996123,0.5325574776256286,0.7676544068815028
GoEmotions,attention,300,2,scores,0.012901348061859608,158,0.713483635097493,0.7374299748161188,0.8159048473789616,0.713483635097493,0.3609022556390977,0.43747252572379297,0.6603155251358329,0.3609022556390977,0.617089908605041,0.6550100953613761,0.7725632128340089,0.617089908605041,0.7402042946143386
GoEmotions,attention,300,2,zero,0.010414144955575466,163,0.7135271587743732,0.7374659130473269,0.8161080904670581,0.7135271587743732,0.33927125506072875,0.40764388286672315,0.5421554840819045,0.33927125506072875,0.6112077416906486,0.6504507414359804,0.7503429692751247,0.6112077416906486,0.7777110148319155
GoEmotions,attention,300,3,scores,0.01280196849256754,81,0.7142670612813371,0.7381193935508746,0.8158480176402502,0.7142670612813371,0.36795835743204164,0.444541359883047,0.660170632544255,0.36795835743204164,0.6195882483159926,0.6570128428377057,0.772000043734178,0.6195882483159926,0.7380222004364189
GoEmotions,attention,300,3,zero,0.009089321829378605,136,0.7133530640668524,0.737310158608238,0.8160791167094453,0.7133530640668524,0.052284557547715445,0.05955647852583201,0.4960224867097743,0.052284557547715445,0.5326207267322349,0.598037074652963,0.7928923371962449,0.5326207267322349,0.7507668954176022
GoEmotions,attention,512,1,scores,0.012626070529222488,295,0.713091922005571,0.7370293916187625,0.8157866260354288,0.713091922005571,0.37466743782533257,0.4529137828260578,0.663795856954428,0.37466743782533257,0.6205686094683912,0.6585701496874313,0.7735188247098058,0.6205686094683912,0.7334682647607602
GoEmotions,attention,512,1,zero,0.010424163192510605,299,0.7134401114206128,0.7373785509882889,0.8161815277720438,0.7134401114206128,0.058993637941006365,0.03320261928438906,0.028401508662284747,0.058993637941006365,0.5345181999304259,0.5923023173163161,0.7952538124086529,0.5345181999304259,0.7809050947155372
GoEmotions,attention,512,2,scores,0.012781050987541676,94,0.7137883008356546,0.737686704887041,0.8158639729019047,0.7137883008356546,0.3974551764025448,0.4739575163837984,0.6576927634120128,0.3974551764025448,0.6273046393219696,0.6643607660904881,0.7723358641755941,0.6273046393219696,0.7320451598621169
GoEmotions,attention,512,2,zero,0.009839776903390884,155,0.7135706824512534,0.7375071516158832,0.8161726573767425,0.7135706824512534,0.3458646616541353,0.41517842899036467,0.5415110532409386,0.3458646616541353,0.6130419657822334,0.6463842475576539,0.7394958332315845,0.6130419657822334,0.7708484867651244
GoEmotions,attention,512,3,scores,0.010909861885011196,71,0.713657729805014,0.7375809045269437,0.8158618983964981,0.713657729805014,0.4025448235974552,0.4786215005896488,0.6578109077116641,0.4025448235974552,0.6286012460074002,0.6654301643345736,0.7722782950351591,0.6286012460074002,0.7324246545017552
GoEmotions,attention,512,3,zero,0.009855345822870731,65,0.7135706824512534,0.7374928995758655,0.8158610119734145,0.7135706824512534,0.08502024291497975,0.07932398659239502,0.45964579511168147,0.08502024291497975,0.5417285980835521,0.5832662990924534,0.7608740632225092,0.5417285980835521,0.7589892792764302
Friends,mean,32,1,scores,0.03911745548248291,299,0.7238567883729174,0.7315485045691253,0.7614769391690698,0.7238567883729174,0.33996328029375766,0.38316751192790577,0.49912157818361724,0.33996328029375766,0.6169124541812292,0.6348814865722145,0.6902086780574361,0.6169124541812292,0.7317364248572159
Friends,mean,32,1,zero,0.03296040743589401,299,0.7246839182323054,0.7323259226170683,0.7620809827724702,0.7246839182323054,0.08690330477356181,0.04672344839430024,0.046687296367113225,0.08690330477356181,0.5470121899241326,0.5850465392137714,0.7072021706513821,0.5470121899241326,0.7681357088057285
Friends,mean,32,2,scores,0.016872528940439224,298,0.7242112725983694,0.7319261206716455,0.7622350156341111,0.7242112725983694,0.34241126070991434,0.3852661435462503,0.49786575763269925,0.34241126070991434,0.6178501406529707,0.6356799160042294,0.6898300732928119,0.6178501406529707,0.7463131872815617
Friends,mean,32,2,zero,0.018559500575065613,296,0.7240931111898854,0.7318428168211162,0.7622231337715243,0.7240931111898854,0.12821297429620562,0.15112419692374357,0.32685172149928526,0.12821297429620562,0.5580939391356236,0.5931100846835127,0.67808790227063,0.5580939391356236,0.7527065041343449
Friends,mean,32,3,scores,0.024037882685661316,204,0.7239749497814014,0.7317248980524276,0.7621661281201015,0.7239749497814014,0.3320073439412485,0.37090991265676826,0.46157538378743895,0.3320073439412485,0.6147813485636349,0.6316970791430477,0.6794474637405497,0.6147813485636349,0.7521097945614185
Friends,mean,32,3,zero,0.014727361500263214,268,0.7238567883729174,0.7316337569014892,0.7620931146659662,0.7238567883729174,0.4130966952264382,0.37366652210475604,0.3595283754293346,0.4130966952264382,0.6372858238854318,0.6468264656130766,0.6720677722105282,0.6372858238854318,0.7960105702838632
Friends,mean,64,1,scores,0.027422500774264336,299,0.7239749497814014,0.7316200799401423,0.7615770279207852,0.7239749497814014,0.3237454100367197,0.36818247717116603,0.4937766563279536,0.3237454100367197,0.6124797544966328,0.631511594515466,0.689422623968801,0.6124797544966328,0.7296053192396215
Friends,mean,64,1,zero,0.024062050506472588,298,0.7244475954153373,0.7320905636793179,0.7619927437511377,0.7244475954153373,0.04314565483476132,0.016554429808519372,0.033382432026277595,0.04314565483476132,0.534651777342085,0.590182228452083,0.7218756731408371,0.534651777342085,0.7516835734378996
Friends,mean,64,2,scores,0.021132994443178177,214,0.7242112725983694,0.7319356110064453,0.7623101082515819,0.7242112725983694,0.3219094247246022,0.3656880377491092,0.49808002035235444,0.3219094247246022,0.6121387775978178,0.6305798056050637,0.689702848492298,0.6121387775978178,0.7412837780240389
Friends,mean,64,2,zero,0.0163485798984766,290,0.7240931111898854,0.7318520238718775,0.7622936288608334,0.7240931111898854,0.13157894736842105,0.14362632371165857,0.3314554423633854,0.13157894736842105,0.5590316256073651,0.58319933387707,0.665838084996476,0.5590316256073651,0.7609751939306112
Friends,mean,64,3,scores,0.011664481833577156,231,0.7238567883729174,0.7316260067065333,0.7621223192648218,0.7238567883729174,0.2769277845777234,0.31629153051726827,0.4915336373772766,0.2769277845777234,0.5993521438922513,0.6200458254244917,0.6868350805381137,0.5993521438922513,0.7447787912368937
Friends,mean,64,3,zero,0.01072840578854084,277,0.7240931111898854,0.7318360981657338,0.7621882283955236,0.7240931111898854,0.313953488372093,0.3285837269907918,0.3689204491831152,0.313953488372093,0.6098371835308158,0.6208191066398843,0.6593181053160788,0.6098371835308158,0.7902992072287103
Friends,mean,128,1,scores,0.021446796134114265,296,0.7244475954153373,0.7321537280291072,0.7623163373975408,0.7244475954153373,0.3200734394124847,0.3648076054796926,0.4923607076276721,0.3200734394124847,0.6117978006990027,0.6311715624507788,0.6897558146109982,0.6117978006990027,0.7302872730372517
Friends,mean,128,1,zero,0.018645931035280228,296,0.7242112725983694,0.7319239169751038,0.762074385301832,0.7242112725983694,0.06364749082007344,0.018543374487332186,0.01954524581520096,0.06364749082007344,0.5401926519478305,0.5895019588001863,0.7240928894236591,0.5401926519478305,0.762594834199983
Friends,mean,128,2,scores,0.011879660189151764,235,0.7240931111898854,0.7318406923155795,0.7622512047638523,0.7240931111898854,0.3182374541003672,0.36094516332891724,0.4960029418911754,0.3182374541003672,0.6110306026766686,0.6301006600000825,0.6896304769655092,0.6110306026766686,0.7391526724064444
Friends,mean,128,2,zero,0.011757127940654755,193,0.7242112725983694,0.7319431121516723,0.7623164768308701,0.7242112725983694,0.13800489596083232,0.1526831409153403,0.28867376612196144,0.13800489596083232,0.5609069985508481,0.5880551916214539,0.673391138579525,0.5609069985508481,0.7648111840422811
Friends,mean,128,3,scores,0.011054662056267262,137,0.7240931111898854,0.7318735398707279,0.762292214347602,0.7240931111898854,0.2876376988984088,0.3293201452216849,0.501552878747583,0.2876376988984088,0.602506180206291,0.6229948263643318,0.6895582722939928,0.602506180206291,0.7395788935299633
Friends,mean,128,3,zero,0.008673250675201416,166,0.7239749497814014,0.7317495511646409,0.7621781913097171,0.7239749497814014,0.09822521419828642,0.06774208247426354,0.372762528622052,0.09822521419828642,0.5496547608899497,0.5734369523296138,0.6822413695609754,0.5496547608899497,0.7618276361776489
Friends,mean,300,1,scores,0.016746358945965767,297,0.7242112725983694,0.731970321325767,0.7623411223791557,0.7242112725983694,0.3200734394124847,0.36535471044537216,0.49462968932615364,0.3200734394124847,0.6116273122495951,0.6312277716020687,0.6903682206168807,0.6116273122495951,0.7302020288125479
Friends,mean,300,1,zero,0.014154327102005482,295,0.7240931111898854,0.7318418468535346,0.7622141780880065,0.7240931111898854,0.05997552019583843,0.024625468381008857,0.05427683748163699,0.05997552019583843,0.5390844770266815,0.5907171796926292,0.7228740653562573,0.5390844770266815,0.7617423919529452
Friends,mean,300,2,scores,0.009522384032607079,249,0.7239749497814014,0.7317418009696852,0.7622073959085728,0.7239749497814014,0.3136474908200734,0.35671642896271566,0.49435109753614437,0.3136474908200734,0.6096666950814082,0.6289045954110641,0.6895705762321294,0.6096666950814082,0.7354871707441821
Friends,mean,300,2,zero,0.010157531127333641,158,0.7239749497814014,0.7317495511646409,0.7621781913097171,0.7239749497814014,0.10954712362301101,0.12562228136659379,0.3000945047871495,0.10954712362301101,0.5528087972039895,0.580741271262595,0.6720984214926584,0.5528087972039895,0.7562867615719036
Friends,mean,300,3,scores,0.014648453332483768,74,0.7246839182323054,0.732375431343763,0.7625644538951963,0.7246839182323054,0.3491432068543452,0.39132246461714937,0.4930046491479848,0.3491432068543452,0.620066490495269,0.6373552780907326,0.6895115659691919,0.620066490495269,0.7367658341147387
Friends,mean,300,3,zero,0.014931700192391872,81,0.7244475954153373,0.7321617925443202,0.7624713379128398,0.7244475954153373,0.1043451652386781,0.07124319382191613,0.33064518465827264,0.1043451652386781,0.5517006222828403,0.5711083589776151,0.6633863891705202,0.5517006222828403,0.7531327252578638
Friends,mean,512,1,scores,0.015273324213922024,297,0.7240931111898854,0.7318426455029322,0.7622553111721788,0.7240931111898854,0.3182374541003672,0.3635211547820576,0.4929405848596364,0.3182374541003672,0.6110306026766686,0.6306783998387673,0.6900514918561275,0.6110306026766686,0.7301167845878441
Friends,mean,512,1,zero,0.012194853276014328,296,0.7239749497814014,0.7317439616920794,0.762179340048933,0.7239749497814014,0.06578947368421052,0.020146391684659974,0.06059044637196422,0.06578947368421052,0.5406188730713494,0.5923976380264859,0.7317129169525675,0.5406188730713494,0.762594834199983
Friends,mean,512,2,scores,0.009917031973600388,171,0.7242112725983694,0.7319599882191115,0.7623575285527712,0.7242112725983694,0.34485924112607097,0.38656400958122583,0.4907065825597806,0.34485924112607097,0.618532094450601,0.6362611759343091,0.6894138415300276,0.618532094450601,0.7366805898900349
Friends,mean,512,2,zero,0.010695157572627068,131,0.7243294340068533,0.7320824836845486,0.7624220378042792,0.7243294340068533,0.21511627906976744,0.2395102523508345,0.30687540470964464,0.21511627906976744,0.5824737874009036,0.6016030771288045,0.6547798067357611,0.5824737874009036,0.7716307220185833
Friends,mean,512,3,scores,0.007455860264599323,214,0.7239749497814014,0.7317495511646409,0.7621781913097171,0.7239749497814014,0.3506731946144431,0.39154331077128424,0.49019998331532216,0.3506731946144431,0.6199812462705652,0.6372738793389239,0.6889900163048734,0.6199812462705652,0.7379592532605916
Friends,mean,512,3,zero,0.010360779240727425,196,0.7240931111898854,0.7318518906485215,0.7622432811615716,0.7240931111898854,0.094859241126071,0.11397703988890413,0.28638864129516073,0.094859241126071,0.548802318642912,0.5849786455024966,0.6787056448626259,0.548802318642912,0.7486147813485636
Friends,attention,32,1,scores,0.038119666278362274,299,0.7240931111898854,0.7316932532129777,0.7615892594110937,0.7240931111898854,0.34149326805385555,0.3848253502942569,0.4981306797231236,0.34149326805385555,0.6175091637541557,0.6352216620367536,0.6898072770705717,0.6175091637541557,0.7329298440030688
Friends,attention,32,1,zero,0.03336304426193237,299,0.7250384024577573,0.7326165639848058,0.762361360148885,0.7250384024577573,0.07833537331701346,0.035064217473827985,0.03512139644459163,0.07833537331701346,0.5448810843065383,0.5786481995441123,0.7033883558633124,0.5448810843065383,0.7665160685363567
Friends,attention,32,2,scores,0.02114167809486389,295,0.7240931111898854,0.7318281298963901,0.7622332944485143,0.7240931111898854,0.30936352509179926,0.35360995171853865,0.4998456532981479,0.30936352509179926,0.6085585201602591,0.6288406612988555,0.6918505454757071,0.6085585201602591,0.7438411047651522
Friends,attention,32,2,zero,0.018191957846283913,296,0.7242112725983694,0.731934038324267,0.7622963294408229,0.7242112725983694,0.1346389228886169,0.1495318390994718,0.3220394415127601,0.1346389228886169,0.5599693120791066,0.5943981658167112,0.69171895934155,0.5599693120791066,0.7652374051658
Friends,attention,32,3,scores,0.01663583144545555,214,0.7243294340068533,0.7320532807380956,0.7624026870929418,0.7243294340068533,0.27019583843329253,0.30862912762997186,0.5009740754444794,0.27019583843329253,0.5978177478475833,0.6191688351945287,0.6897792398717907,0.5978177478475833,0.742391952945188
Friends,attention,32,3,zero,0.015743933618068695,226,0.7244475954153373,0.7321635304891402,0.762489346297863,0.7244475954153373,0.12056303549571604,0.07617997961309732,0.31146982884846275,0.12056303549571604,0.5562185661921405,0.5807101476357864,0.6828457419936561,0.5562185661921405,0.7778535504219589
Friends,attention,64,1,scores,0.026900064200162888,298,0.7246839182323054,0.7323709840885735,0.7623839509834005,0.7246839182323054,0.3268053855569155,0.37175517124577134,0.49461698270749827,0.3268053855569155,0.6138436620918932,0.6327254824612634,0.6900212699209675,0.6138436620918932,0.7307987383854744
Friends,attention,64,1,zero,0.025060730054974556,299,0.7250384024577573,0.7326724050384168,0.7625654602476117,0.7250384024577573,0.05660954712362301,0.01842485611415019,0.019247135994712027,0.05660954712362301,0.5388287443525701,0.5907109471960766,0.7226571519011399,0.5388287443525701,0.7562015173471998
Friends,attention,64,2,scores,0.01659930683672428,244,0.7243294340068533,0.7320624150693976,0.7623993629924948,0.7243294340068533,0.3292533659730722,0.37248176122847737,0.5001407956909892,0.3292533659730722,0.6142698832154122,0.6329457892791598,0.6907601103720984,0.6142698832154122,0.7390674281817406
Friends,attention,64,2,zero,0.01810641773045063,211,0.7244475954153373,0.732151017304571,0.7623822157433906,0.7244475954153373,0.3623011015911873,0.3403461470341051,0.32769891888784247,0.3623011015911873,0.6235615037081238,0.627630534523369,0.6448717316648763,0.6235615037081238,0.7949876395874179
Friends,attention,64,3,scores,0.01006279792636633,179,0.7239749497814014,0.7317248980524276,0.7621661281201015,0.7239749497814014,0.28916768665850673,0.3320791404869532,0.4815747952021023,0.28916768665850673,0.6028471571051062,0.6232711091856545,0.6855005761955966,0.6028471571051062,0.7454607450345239
Friends,attention,64,3,zero,0.012099970132112503,298,0.7238567883729174,0.7316337569014892,0.7620931146659662,0.7238567883729174,0.16676866585067318,0.19825397411385337,0.3459921906343227,0.16676866585067318,0.5686642229988919,0.5956347038029124,0.6639894902411366,0.5686642229988919,0.7664308243116529
Friends,attention,128,1,scores,0.02125542052090168,298,0.7244475954153373,0.732162607486388,0.7622639790802782,0.7244475954153373,0.3234394124847001,0.3681446244787746,0.49563682610694365,0.3234394124847001,0.6127354871707442,0.6319396220791028,0.690326585954778,0.6127354871707442,0.7298610519137329
Friends,attention,128,1,zero,0.01836913451552391,297,0.7242112725983694,0.7319013037952713,0.7620115375379639,0.7242112725983694,0.06487148102815178,0.022950354434534234,0.05246331193740406,0.06487148102815178,0.5405336288466457,0.589065168083743,0.7214072011715934,0.5405336288466457,0.7623391015258716
Friends,attention,128,2,scores,0.011384776793420315,288,0.7239749497814014,0.7317603823225586,0.7622902922939577,0.7239749497814014,0.3219094247246022,0.36500137500003943,0.49476717517288554,0.3219094247246022,0.6119682891484102,0.6310107684617637,0.6902399109672077,0.6119682891484102,0.7358281476429972
Friends,attention,128,2,zero,0.012720548547804356,177,0.7239749497814014,0.7317326301357813,0.7621369159519519,0.7239749497814014,0.08659730722154223,0.06323407331010637,0.24981361124118198,0.08659730722154223,0.5464154803512062,0.5701710720873158,0.670012381972908,0.5464154803512062,0.7566277384707186
Friends,attention,128,3,scores,0.009122941642999649,182,0.7238567883729174,0.7316507397203856,0.7621345629824231,0.7238567883729174,0.299265605875153,0.34421498695513114,0.49683707024273716,0.299265605875153,0.605574972295627,0.6260980220249908,0.6888048432340569,0.605574972295627,0.7392379166311482
Friends,attention,128,3,zero,0.010678986087441444,166,0.7240931111898854,0.7318406923155795,0.7622512047638523,0.7240931111898854,0.2255201958384333,0.2655587768017145,0.34421258275495764,0.2255201958384333,0.5852016025914244,0.6070804502468714,0.656716646477274,0.5852016025914244,0.772142187366806
Friends,attention,300,1,scores,0.01587909832596779,296,0.7245657568238213,0.7322832864938257,0.7625549415872322,0.7245657568238213,0.3216034271725826,0.3661104014079067,0.4944651787460504,0.3216034271725826,0.6123092660472254,0.6316581092582122,0.6904734838068776,0.6123092660472254,0.7307134941607706
Friends,attention,300,1,zero,0.01351142581552267,296,0.7240931111898854,0.7318418468535346,0.7622141780880065,0.7240931111898854,0.04589963280293757,0.01673839479728117,0.04552649816159201,0.04589963280293757,0.5351632426903077,0.5928247450577857,0.729630170683692,0.5351632426903077,0.7546671213025318
Friends,attention,300,2,scores,0.013101552613079548,272,0.7239749497814014,0.7317495511646409,0.7621781913097171,0.7239749497814014,0.31976744186046513,0.36322158305198265,0.49386361577845683,0.31976744186046513,0.6113715795754837,0.6305198452800443,0.689902243987372,0.6113715795754837,0.7331855766771801
Friends,attention,300,2,zero,0.011156396009027958,227,0.7239749497814014,0.7316983327215699,0.7620727654974958,0.7239749497814014,0.08261933904528763,0.07787295466047643,0.2736050553932385,0.08261933904528763,0.5453073054300571,0.5762707869217951,0.6716993505935883,0.5453073054300571,0.7469951410791918
Friends,attention,300,3,scores,0.011591245420277119,85,0.7244475954153373,0.7321690922867836,0.7624877147525975,0.7244475954153373,0.34149326805385555,0.38434752850837484,0.4949660205956772,0.34149326805385555,0.6177648964282669,0.6353360961361949,0.6897804001561897,0.6177648964282669,0.7356576591935896
Friends,attention,300,3,zero,0.01260725874453783,132,0.7242112725983694,0.7319599882191115,0.7623575285527712,0.7242112725983694,0.07925336597307221,0.05093052111412065,0.23885714997790927,0.07925336597307221,0.5445401074077231,0.5689465460968761,0.6712571386600207,0.5445401074077231,0.7505753985167505
Friends,attention,512,1,scores,0.015114294365048409,295,0.7242112725983694,0.7319634733242295,0.7623790327397966,0.7242112725983694,0.31762545899632805,0.3623802366401877,0.4902081786780398,0.31762545899632805,0.6109453584519648,0.6305007480668294,0.6896748967961456,0.6109453584519648,0.7299462961384366
Friends,attention,512,1,zero,0.012561730109155178,296,0.7242112725983694,0.7319508971061697,0.7623374301468191,0.7242112725983694,0.05477356181150551,0.02908623689367886,0.06208210714747903,0.05477356181150551,0.537720569431421,0.5927570693230931,0.7270549337079628,0.537720569431421,0.7573949364930526
Friends,attention,512,2,scores,0.012636781670153141,123,0.7244475954153373,0.7321827886033058,0.762515325884345,0.7244475954153373,0.35556915544675644,0.396947076208692,0.4958726886211828,0.35556915544675644,0.6216861307646407,0.6387811800241501,0.690310470446412,0.6216861307646407,0.737788764811184
Friends,attention,512,2,zero,0.01131034642457962,121,0.7243294340068533,0.7320465985972028,0.7623677915397542,0.7243294340068533,0.15024479804161567,0.17800061932288203,0.30275329318198285,0.15024479804161567,0.564402011763703,0.5906446717148776,0.667062570018982,0.564402011763703,0.7590998209871281
Friends,attention,512,3,scores,0.009866926819086075,110,0.7243294340068533,0.7320688789278832,0.7623948771718098,0.7243294340068533,0.34944920440636473,0.39105595565722284,0.4919853390622578,0.34944920440636473,0.6198960020458614,0.637115088629553,0.6892695453492043,0.6198960020458614,0.7364248572159237
Friends,attention,512,3,zero,0.01229234877973795,82,0.7244475954153373,0.732158327629019,0.7624496025318764,0.7244475954153373,0.33935128518971847,0.32287793058382325,0.32300986569690465,0.33935128518971847,0.6171681868553406,0.6269853992401506,0.6533992165800073,0.6171681868553406,0.7875713920381894
TEC,mean,32,1,scores,0.03998502343893051,298,0.42987675308117296,0.481602093542549,0.5683558448682744,0.42987675308117296,0.16976777729698544,0.2008121671408898,0.3144756763115211,0.16976777729698544,0.3442116764049214,0.3973799504106334,0.5014610000109395,0.3442116764049214,0.6858106503254002
TEC,mean,32,1,zero,0.03712635859847069,298,0.4300892477688058,0.4818350063597462,0.5686968675558853,0.4300892477688058,0.3500649069666811,0.28764420195455265,0.32827700751646177,0.3500649069666811,0.4037337893686761,0.4309085893712334,0.48987646898260817,0.4037337893686761,0.7531708707424826
TEC,mean,32,2,scores,0.021470807492733,296,0.42987675308117296,0.4818133749286885,0.5689399243744687,0.42987675308117296,0.1885186787826338,0.22218827382788886,0.31832373173152395,0.1885186787826338,0.35038715500451284,0.4011976225846682,0.49510244627251504,0.35038715500451284,0.719728278941618
TEC,mean,32,2,zero,0.020027728751301765,291,0.4295934268309959,0.48157660327200125,0.5687267264096625,0.4295934268309959,0.12029424491562095,0.13794188209333136,0.23710929953585425,0.12029424491562095,0.3277278989121657,0.3695896737015482,0.45434158760287063,0.3277278989121657,0.7174481022279227
TEC,mean,32,3,scores,0.016320185735821724,237,0.4295225952684516,0.48151951872106924,0.5686761658042676,0.4295225952684516,0.1456800807731141,0.1849991024027681,0.30139903836728626,0.1456800807731141,0.3360410431808465,0.3924623895228416,0.4962776689020645,0.3360410431808465,0.698731651703007
TEC,mean,32,3,zero,0.01382681354880333,299,0.42966425839354017,0.48168164672518976,0.5688796033602628,0.42966425839354017,0.14106447425356988,0.15001793079392772,0.2737610105741963,0.14106447425356988,0.33461593273478696,0.3797798402214272,0.4871556711705974,0.33461593273478696,0.7288964894779345
TEC,mean,64,1,scores,0.025159193202853203,298,0.4300892477688058,0.4818435254033426,0.5687252233745639,0.4300892477688058,0.16443098225876243,0.19350831457885675,0.3157726162474084,0.16443098225876243,0.34259655123272054,0.39618622482024163,0.5018902272718594,0.34259655123272054,0.6855256282361883
TEC,mean,64,1,zero,0.02292291261255741,298,0.4300892477688058,0.4818237077083402,0.5686817971521213,0.4300892477688058,0.19428818693206404,0.20537802921761295,0.3104779963880901,0.19428818693206404,0.3524298133105316,0.4016670805251398,0.5065186048564372,0.3524298133105316,0.7312716735547005
TEC,mean,64,2,scores,0.016057666391134262,299,0.42973508995608445,0.4815082792747881,0.5683954273957331,0.42973508995608445,0.15995961344295398,0.19198081464938652,0.32272491707450995,0.15995961344295398,0.34088641869744907,0.39714594042511936,0.5060802725509876,0.34088641869744907,0.6867132202745713
TEC,mean,64,2,zero,0.0169790368527174,225,0.4295934268309959,0.4816150385170415,0.5688721072818473,0.4295934268309959,0.13587191691908265,0.13296917893559876,0.27911938532858427,0.13587191691908265,0.33285829651798016,0.3861311978578739,0.5060670627977377,0.33285829651798016,0.7298940667901762
TEC,mean,64,3,scores,0.014074720442295074,192,0.4293809321433631,0.4813846218462532,0.5685456749808908,0.4293809321433631,0.17337371989037934,0.19180106792489954,0.31073411641278426,0.17337371989037934,0.3450667426725571,0.39505174362031603,0.4994278683182695,0.3450667426725571,0.7029594793596504
TEC,mean,64,3,zero,0.014149155467748642,181,0.4295934268309959,0.4816099137450619,0.568749557081715,0.4295934268309959,0.1562094331458243,0.1612853365565628,0.22235437372728284,0.1562094331458243,0.33955631561446015,0.38643506606008554,0.48801700476441945,0.33955631561446015,0.7307966367393472
TEC,mean,128,1,scores,0.018883205950260162,296,0.4298059215186287,0.48165802121622087,0.5686520842944826,0.4298059215186287,0.1569306216645031,0.18709231178160748,0.3139154871275685,0.1569306216645031,0.3399363450667427,0.3948401686158795,0.5034913041606984,0.3399363450667427,0.6812502968980096
TEC,mean,128,1,zero,0.017443235963582993,297,0.42973508995608445,0.48155435720496825,0.5685322568406138,0.42973508995608445,0.12029424491562095,0.08585993681963004,0.1297219463605654,0.12029424491562095,0.3278229062752363,0.37235054979032917,0.49578262366334025,0.3278229062752363,0.713172770889744
TEC,mean,128,2,scores,0.015218053944408894,178,0.4295934268309959,0.4815757253980931,0.568694513065434,0.4295934268309959,0.182460695225732,0.20981257295018563,0.3100331587954634,0.182460695225732,0.34820198565388816,0.3960850940243577,0.48851375193418123,0.34820198565388816,0.6995867179706428
TEC,mean,128,2,zero,0.011663388460874557,219,0.42973508995608445,0.48177836395544876,0.5690163371512292,0.42973508995608445,0.1390451464012693,0.16323095227012877,0.22797679081135386,0.1390451464012693,0.3339983848748278,0.3868244274463975,0.4799109154615481,0.3339983848748278,0.7211058857061422
TEC,mean,128,3,scores,0.013645061291754246,137,0.4293809321433631,0.4813831511522475,0.5686069925106375,0.4293809321433631,0.16875811337083513,0.19354014012932583,0.27203793489290956,0.16875811337083513,0.3435466248634269,0.39219633414783556,0.48258566058923,0.3435466248634269,0.6968790081231295
TEC,mean,128,3,zero,0.009246795438230038,153,0.42966425839354017,0.48169699935671667,0.5689254894730861,0.42966425839354017,0.243473243905957,0.23793178818989041,0.2572337035886394,0.243473243905957,0.3683435466248634,0.40595994956084086,0.46392951140401073,0.3683435466248634,0.7355945085744146
TEC,mean,300,1,scores,0.013522472232580185,297,0.4293809321433631,0.4813348569704719,0.5685070309489739,0.4293809321433631,0.15447858070099524,0.18525969273514503,0.31050744479963005,0.15447858070099524,0.3388437603914303,0.39403107323530606,0.5033558256480963,0.3388437603914303,0.6803477269488385
TEC,mean,300,1,zero,0.012341102585196495,297,0.4295934268309959,0.4815488275014315,0.5686889125757129,0.4295934268309959,0.10976489254291072,0.0876632647366067,0.29092272844235556,0.10976489254291072,0.3242601301600874,0.38123857570433695,0.5194096457498041,0.3242601301600874,0.7089924469146359
TEC,mean,300,2,scores,0.01233773585408926,170,0.4295225952684516,0.4815688273266146,0.568878712446299,0.4295225952684516,0.1638540314438194,0.19445770859238554,0.3003917840136334,0.1638540314438194,0.3420265070542967,0.3943008688914049,0.4927525318424229,0.3420265070542967,0.6904185074343262
TEC,mean,300,2,zero,0.009121431037783623,162,0.4295934268309959,0.48161694359731505,0.5688329044535755,0.4295934268309959,0.1181306793595846,0.14713130575520797,0.20497039583730942,0.1181306793595846,0.32701534368913593,0.3866153891371213,0.48954455401942853,0.32701534368913593,0.716308013871075
TEC,mean,300,3,scores,0.013032570481300354,78,0.4298059215186287,0.48183108232460464,0.5690228087962934,0.4298059215186287,0.16875811337083513,0.20470689492873204,0.30972872401874163,0.16875811337083513,0.34383164695263885,0.39769759190555454,0.4987577778970157,0.34383164695263885,0.6864281981853594
TEC,mean,300,3,zero,0.011142782866954803,103,0.4294517637059074,0.4814867327900563,0.5687401164861177,0.4294517637059074,0.15981537573921822,0.17875606998628818,0.22999843650160776,0.15981537573921822,0.34064890028977246,0.39213263723000397,0.48886425653070753,0.34064890028977246,0.7145028739727329
TEC,mean,512,1,scores,0.01204101461917162,297,0.4293809321433631,0.4813419889027471,0.5685306621761321,0.4293809321433631,0.1500072118851868,0.18124303911477302,0.30699289305366234,0.1500072118851868,0.33737114626383546,0.39320891024541654,0.503868205535545,0.33737114626383546,0.6783050686428198
TEC,mean,512,1,zero,0.010921921581029892,296,0.4295225952684516,0.4814974339726224,0.5686158335718572,0.4295225952684516,0.08048463868455215,0.06259078983744838,0.4829194043049147,0.08048463868455215,0.3145693791268823,0.3725811402451605,0.5198947920762359,0.3145693791268823,0.6988741627476129
TEC,mean,512,2,scores,0.013308762572705746,103,0.4295225952684516,0.4815745008316384,0.568835164343768,0.4295225952684516,0.15938266262801096,0.1932801123481889,0.3055189347193895,0.15938266262801096,0.3405538929267018,0.3954512478353507,0.5009226775028226,0.3405538929267018,0.6825803999809985
TEC,mean,512,2,zero,0.010125036351382732,141,0.4294517637059074,0.4814877272086068,0.5687143444671181,0.4294517637059074,0.1681811625558921,0.18286757189205602,0.2238876484008692,0.1681811625558921,0.34340411381882097,0.38227588245554217,0.4485382616148035,0.34340411381882097,0.7094199800484537
TEC,mean,512,3,scores,0.011598944664001465,61,0.4293809321433631,0.48139056988378665,0.5686002512878263,0.4293809321433631,0.15087263810760132,0.1847708572874991,0.3080720265067057,0.15087263810760132,0.33765616835304735,0.39384604627723774,0.5037286462467327,0.33765616835304735,0.6793976533181322
TEC,mean,512,3,zero,0.009390974417328835,90,0.4295934268309959,0.4815857623080757,0.5687263479556761,0.4295934268309959,0.14827635944035772,0.14927703337409803,0.24782625927689667,0.14827635944035772,0.3369436131300176,0.3713828035584639,0.4570613835090465,0.3369436131300176,0.7069972922901525
TEC,attention,32,1,scores,0.03821497783064842,299,0.4302309108938943,0.48178043190319747,0.5683477880910992,0.4302309108938943,0.16587335929612002,0.19513469359156654,0.31530641550430105,0.16587335929612002,0.34316659541114436,0.3964144394154602,0.5020984431151737,0.34316659541114436,0.6850505914208351
TEC,attention,32,1,zero,0.03442683070898056,299,0.4302309108938943,0.4819281563193547,0.5687864796666453,0.4302309108938943,0.17265253137170056,0.11380696401848445,0.49951196719970126,0.17265253137170056,0.3453992684433044,0.3842950942929347,0.5151032154718799,0.3453992684433044,0.7299890741532469
TEC,attention,32,2,scores,0.026211392134428024,297,0.4302309108938943,0.48178806087767295,0.567993649212922,0.4302309108938943,0.18231645752199624,0.21143655876510178,0.304193792983806,0.18231645752199624,0.3485820151061707,0.3953581311470752,0.48932166872882576,0.3485820151061707,0.7174481022279227
TEC,attention,32,2,zero,0.02167806215584278,298,0.42973508995608445,0.4817201393373456,0.5688991556521151,0.42973508995608445,0.12115967113803548,0.140520652034531,0.25964390290816924,0.12115967113803548,0.32810792836444824,0.37857340694911273,0.49536565268355753,0.32810792836444824,0.7197757826231533
TEC,attention,32,3,scores,0.01466881763190031,276,0.42966425839354017,0.4817043360724397,0.568917151669022,0.42966425839354017,0.12015000721188519,0.14264371689920818,0.29243849893126317,0.12015000721188519,0.3277278989121657,0.38142566136659806,0.5011930441780449,0.3277278989121657,0.6960239418554938
TEC,attention,32,3,zero,0.01420182641595602,293,0.4295934268309959,0.48157874356014146,0.5687395780130682,0.4295934268309959,0.2286167604211741,0.23804505226834805,0.2880856011398117,0.2286167604211741,0.36340316374519027,0.40818610173141795,0.48678502890312564,0.36340316374519027,0.7376371668804332
TEC,attention,64,1,scores,0.027804603800177574,299,0.43016007933135003,0.481895541330644,0.5687201242235533,0.43016007933135003,0.1625558921101976,0.1919037428582783,0.3155982382969121,0.1625558921101976,0.3420265070542967,0.39542952001879605,0.501458557009077,0.3420265070542967,0.6838154957009168
TEC,attention,64,1,zero,0.025930561125278473,299,0.4298059215186287,0.48153741819396134,0.5683752199030466,0.4298059215186287,0.060435597865281986,0.06657902833718345,0.3494943372202609,0.060435597865281986,0.30815638211961427,0.3727299271412808,0.5101435975994482,0.30815638211961427,0.7180656500878818
TEC,attention,64,2,scores,0.022491300478577614,195,0.4295225952684516,0.48153383405497446,0.5687331007674336,0.4295225952684516,0.18520121159671138,0.22220380560101344,0.3040067075153262,0.18520121159671138,0.3490570519215239,0.4012297814710023,0.4948620944541526,0.3490570519215239,0.70884993587003
TEC,attention,64,2,zero,0.018882345408201218,212,0.42966425839354017,0.4816747272464229,0.5689246048503251,0.42966425839354017,0.18217221981826048,0.1875695122138195,0.24329099594346934,0.18217221981826048,0.3481544819723529,0.4033554056988418,0.49326089337993906,0.3481544819723529,0.7316041993254477
TEC,attention,64,3,scores,0.021821165457367897,149,0.4294517637059074,0.4814543881961458,0.5686617386398911,0.4294517637059074,0.1758257608538872,0.1988286013258316,0.2817108024215403,0.1758257608538872,0.34592180894019287,0.39088056743549304,0.4767681232303665,0.34592180894019287,0.7040520640349627
TEC,attention,64,3,zero,0.0107420040294528,238,0.42966425839354017,0.4816697495568657,0.5687831516264933,0.42966425839354017,0.15967113803548247,0.11732864692880872,0.24404251584307146,0.15967113803548247,0.34074390765284307,0.3775604166923091,0.5006219080450014,0.34074390765284307,0.7324592655930835
TEC,attention,128,1,scores,0.01917671598494053,299,0.42973508995608445,0.4816299035371534,0.5687464500755985,0.42973508995608445,0.1592384249242752,0.18963159144790087,0.31576395027675824,0.1592384249242752,0.34064890028977246,0.3953732544117651,0.5036906071298979,0.34064890028977246,0.6815828226687568
TEC,attention,128,1,zero,0.01792336255311966,298,0.42994758464371724,0.4817909857042726,0.5688297954206061,0.42994758464371724,0.12303476128660032,0.08980347617901864,0.32370364347153247,0.12303476128660032,0.32886798726901334,0.3859159430618658,0.5294693525779669,0.32886798726901334,0.7142653555650563
TEC,attention,128,2,scores,0.015275525860488415,213,0.42966425839354017,0.4816587127644548,0.5687847928869487,0.42966425839354017,0.15346891677484495,0.18145391796581048,0.29630238750582827,0.15346891677484495,0.3387012493468244,0.39220440592085126,0.49709677678090447,0.3387012493468244,0.6937912688233339
TEC,attention,128,2,zero,0.011998030357062817,225,0.4295225952684516,0.4815432738641148,0.5687417511971116,0.4295225952684516,0.16731573633347757,0.13251152855877418,0.22823492683098673,0.16731573633347757,0.34316659541114436,0.37573668135934624,0.49057262223353226,0.34316659541114436,0.7301790888793882
TEC,attention,128,3,scores,0.01678617298603058,114,0.4295225952684516,0.4814964740449809,0.5686754739224926,0.4295225952684516,0.16645031011106304,0.1925288375498849,0.3046149272663163,0.16645031011106304,0.3428815733219325,0.3927829917100989,0.4878325845206612,0.3428815733219325,0.6876157902237423
TEC,attention,128,3,zero,0.015543142333626747,104,0.4294517637059074,0.48144101465992545,0.5686300371787292,0.4294517637059074,0.11337083513630462,0.13410835865243412,0.302555646854286,0.11337083513630462,0.32535271483539974,0.37356191901564384,0.4666058787818274,0.32535271483539974,0.7123177046221082
TEC,attention,300,1,scores,0.013747220858931541,299,0.4293809321433631,0.48132008395385983,0.5684729834121482,0.4293809321433631,0.1533246790711092,0.18450377977517363,0.31126990407511373,0.1533246790711092,0.3384637309391478,0.39385817891028235,0.5035413181825151,0.3384637309391478,0.6793976533181322
TEC,attention,300,1,zero,0.01263691671192646,296,0.4295225952684516,0.48149699182013267,0.5686933699897702,0.4295225952684516,0.0752920813500649,0.061203419463692565,0.3587456347218474,0.0752920813500649,0.31285924659161085,0.37883176695142634,0.5412269613199474,0.31285924659161085,0.6968790081231295
TEC,attention,300,2,scores,0.014306492172181606,102,0.42973508995608445,0.4816621448675723,0.5687231831594768,0.42973508995608445,0.17611423626135872,0.2093721134289259,0.3042344458925266,0.17611423626135872,0.3462068310294048,0.39803840729367035,0.49458058803031363,0.3462068310294048,0.6898959669374376
TEC,attention,300,2,zero,0.01250396203249693,141,0.4295934268309959,0.4815910970983229,0.5687672569096979,0.4295934268309959,0.14827635944035772,0.14110991586305846,0.237183739089137,0.14827635944035772,0.3369436131300176,0.37923642230393656,0.48772982351868405,0.3369436131300176,0.7133627856158853
TEC,attention,300,3,scores,0.0146036297082901,79,0.4295225952684516,0.48157744232682165,0.568908909616915,0.4295225952684516,0.15851723640559642,0.1929715078847835,0.3038173686345888,0.15851723640559642,0.3402688708374899,0.39532475721940813,0.49924922315965425,0.3402688708374899,0.6834354662486343
TEC,attention,300,3,zero,0.012509448453783989,91,0.4295225952684516,0.48154817049642606,0.568780478465391,0.4295225952684516,0.16846963796336362,0.18998485074462837,0.24038114933803026,0.16846963796336362,0.3435466248634269,0.38786749373612106,0.46338160797861344,0.3435466248634269,0.7150254144696214
TEC,attention,512,1,scores,0.011764523573219776,298,0.4293809321433631,0.48130562146249467,0.5684866986506131,0.4293809321433631,0.1505841627001298,0.18183335899187214,0.3094833136916715,0.1505841627001298,0.33756116098997674,0.3936746928152318,0.5047540060058728,0.33756116098997674,0.67759251341979
TEC,attention,512,1,zero,0.010666295886039734,299,0.42966425839354017,0.4816310558641944,0.5687313790695845,0.42966425839354017,0.13500649069666812,0.09774471139298056,0.22261248071257,0.13500649069666812,0.33262077811030355,0.38585105419770493,0.5166153744483546,0.33262077811030355,0.7141228445204504
TEC,attention,512,2,scores,0.01358210388571024,100,0.4295225952684516,0.48153005009952576,0.5687931979676063,0.4295225952684516,0.16197894129525459,0.19708510605446247,0.307152931848368,0.16197894129525459,0.34140895919433756,0.39631748387464966,0.5007012838978507,0.34140895919433756,0.683102940477887
TEC,attention,512,2,zero,0.012085452675819397,113,0.4294517637059074,0.4814837671487731,0.5687242887323214,0.4294517637059074,0.22486658012404442,0.21329912218765096,0.21102012043499127,0.22486658012404442,0.3620730606622013,0.40143993042156867,0.47259950641628967,0.3620730606622013,0.7220084556553132
TEC,attention,512,3,scores,0.014236261136829853,52,0.4295225952684516,0.481471325437958,0.568702690497533,0.4295225952684516,0.14957449877397952,0.18386758128965086,0.30695113893022463,0.14957449877397952,0.33732364258230013,0.3938575916335257,0.5041715729140268,0.33732364258230013,0.6784475796874258
TEC,attention,512,3,zero,0.011339109390974045,64,0.42966425839354017,0.48170612088147224,0.5689864602966656,0.42966425839354017,0.20683686715707486,0.19931404764169086,0.2460540575217881,0.20683686715707486,0.3562776115148924,0.38828076318671706,0.44942188806398203,0.3562776115148924,0.7131252672082087
