,,acc_C,acc_NC,acc_T,f1_C,f1_NC,f1_T
GoEmotions,RoBERTa-large,0.713 (0.731),0.360 (0.370),0.617 (0.636),0.737 (0.753),0.427 (0.434),0.653 (0.670)
GoEmotions,DistilRoBERTa,0.713 (0.731),0.384 (0.382),0.623 (0.639),0.737 (0.753),0.462 (0.454),0.661 (0.675)
GoEmotions,DistilRoBERTa-v2,0.703 (0.711),0.556 (0.551),0.663 (0.669),0.718 (0.723),0.601 (0.589),0.684 (0.686)
GoEmotions,HGNN-Max,0.713 (0.720),0.536 (0.530),0.665 (0.671),0.737 (0.742),0.565 (0.568),0.696 (0.697)
GoEmotions,HGNN-Min,0.714 (0.758),0.397 (0.677),0.627 (0.737),0.738 (0.766),0.474 (0.624),0.664 (0.738)
GoEmotions,HGNN (val-selected),0.713,0.052,0.533,0.737,0.060,0.598
GoEmotions,Rule: disagree → neutral,0.713,0.759,0.726,0.737,0.655,0.740
Friends,RoBERTa-large,0.724 (0.703),0.459 (0.458),0.650 (0.630),0.732 (0.714),0.486 (0.491),0.664 (0.647)
Friends,DistilRoBERTa,0.724 (0.703),0.308 (0.287),0.608 (0.579),0.732 (0.714),0.351 (0.337),0.628 (0.605)
Friends,DistilRoBERTa-v2,0.877 (0.878),0.829 (0.845),0.864 (0.868),0.877 (0.878),0.829 (0.843),0.863 (0.867)
Friends,HGNN-Max,0.724 (0.652),0.413 (0.258),0.637 (0.535),0.732 (0.674),0.374 (0.303),0.647 (0.578)
Friends,HGNN-Min,0.724 (0.550),0.324 (0.585),0.612 (0.561),0.732 (0.406),0.368 (0.433),0.632 (0.416)
Friends,HGNN (val-selected),0.724,0.299,0.606,0.732,0.344,0.626
Friends,Rule: disagree → neutral,0.724,0.556,0.677,0.732,0.398,0.667
TEC,RoBERTa-large,0.430 (0.451),0.323 (0.308),0.394 (0.401),0.482 (0.482),0.353 (0.337),0.440 (0.430)
TEC,DistilRoBERTa,0.430 (0.451),0.141 (0.171),0.334 (0.353),0.482 (0.482),0.173 (0.199),0.392 (0.391)
TEC,DistilRoBERTa-v2,0.316 (0.353),0.161 (0.187),0.265 (0.295),0.373 (0.392),0.205 (0.221),0.322 (0.336)
TEC,HGNN-Max,0.430 (0.438),0.350 (0.255),0.404 (0.374),0.482 (0.471),0.288 (0.266),0.431 (0.408)
TEC,HGNN-Min,0.429 (0.480),0.151 (0.354),0.338 (0.436),0.481 (0.491),0.182 (0.345),0.394 (0.443)
TEC,HGNN (val-selected),0.430,0.135,0.333,0.482,0.098,0.386
TEC,Rule: disagree → neutral,0.430,0.000,0.288,0.482,0.000,0.376
