dataset,model,f1_mean,f1_std,paper (GoEmotions)
GoEmotions,HGNN (mean),0.29725292307231305,0.17655525502562505,0.50 ± 0.12
GoEmotions,HGNN (attention),0.30754464785879815,0.17533069904851378,0.56 ± 0.14
GoEmotions,DistilRoBERTa,0.46159858796425657,0.0,0.45 ± 0.00
GoEmotions,RoBERTa-large,0.4270971356673251,0.0,0.43 ± 0.00
Friends,HGNN (mean),0.24646574933543963,0.14554795932092165,
Friends,HGNN (attention),0.24366183819598006,0.14655232332881643,
Friends,DistilRoBERTa,0.35072484114991814,0.0,
Friends,RoBERTa-large,0.4859816269331516,0.0,
TEC,HGNN (mean),0.17633327809351573,0.04501956002068484,
TEC,HGNN (attention),0.16661093999715224,0.04688701152096234,
TEC,DistilRoBERTa,0.1728430634003719,0.0,
TEC,RoBERTa-large,0.35300218480029766,0.0,
