dataset,model,acc_C,f1_C,precision_C,recall_C,acc_NC,f1_NC,precision_NC,recall_NC,acc_T,f1_T,precision_T,recall_T,sim_roberta,agg,hidden,layers,nonagreed,val_loss,best_epoch
GoEmotions,RoBERTa-large,0.713483635097493,0.7374172951629213,0.8161849144996384,0.713483635097493,0.36020821283979176,0.4270971356673251,0.7090970115540064,0.36020821283979176,0.6169001612852218,0.6531472573220776,0.7805427177811086,0.6169001612852218,1.0,,,,,,
GoEmotions,DistilRoBERTa,0.713483635097493,0.7374172951629213,0.8161849144996384,0.713483635097493,0.3835743204164257,0.46159858796425657,0.6566371207063563,0.3835743204164257,0.6232883210524651,0.6611260012203214,0.7725633301366609,0.6232883210524651,0.7266057366939692,,,,,,
GoEmotions,DistilRoBERTa-v2,0.7032120473537604,0.7176454082128852,0.7437519434646149,0.7032120473537604,0.5562753036437247,0.6009766554424752,0.6693606301494243,0.5562753036437247,0.6630403845545682,0.6837747019547695,0.7199329832966646,0.6630403845545682,0.6354637740741912,,,,,,
Friends,RoBERTa-large,0.7242112725983694,0.7319730328355146,0.7624001104054132,0.7242112725983694,0.45930232558139533,0.4859816269331516,0.564265252451937,0.45930232558139533,0.6504134344898134,0.6638536089898623,0.7070556660260863,0.6504134344898134,1.0,,,,,,
Friends,DistilRoBERTa,0.7242112725983694,0.7319730328355146,0.7624001104054132,0.7242112725983694,0.3075275397796818,0.35072484114991814,0.4863040362549658,0.3075275397796818,0.6081322990367403,0.6281514632596313,0.6896262430156413,0.6081322990367403,0.721421873668059,,,,,,
Friends,DistilRoBERTa-v2,0.8774666194021032,0.8766854404176587,0.8773738683023713,0.8774666194021032,0.8292533659730722,0.8289364980093746,0.8312684122919475,0.8292533659730722,0.8640354615974768,0.8633265892624599,0.8643232328798388,0.8640354615974768,0.7017304577614867,,,,,,
TEC,RoBERTa-large,0.4295934268309959,0.48161993182366514,0.5688564901814297,0.4295934268309959,0.3225155055531516,0.35300218480029766,0.41039868678857766,0.3225155055531516,0.39432806042468294,0.4396391711454295,0.5180090712814099,0.39432806042468294,1.0,,,,,,
TEC,DistilRoBERTa,0.4295934268309959,0.48161993182366514,0.5688564901814297,0.4295934268309959,0.14077599884609837,0.1728430634003719,0.3031081679298281,0.14077599884609837,0.334473421690181,0.391718178316828,0.5048147148694834,0.334473421690181,0.6706569759156334,,,,,,
TEC,DistilRoBERTa-v2,0.3164754214477971,0.37298806926403183,0.5232852292031477,0.3164754214477971,0.160536564257897,0.20497752210002415,0.35001226035631433,0.160536564257897,0.26511804664861527,0.3222376528775691,0.4809473384443423,0.26511804664861527,0.5308536411571897,,,,,,
GoEmotions,Rule: disagree → neutral,0.713483635097493,0.7374172951629213,0.8161849144996384,0.713483635097493,0.7592828224407172,0.6553925237031847,0.5765104044535416,0.7592828224407172,0.7260048701812087,0.7400477814070053,0.7662621477688154,0.7260048701812087,0.8055722462920212,,,,,,
Friends,Rule: disagree → neutral,0.7242112725983694,0.7319730328355146,0.7624001104054132,0.7242112725983694,0.5563035495716034,0.397703442045291,0.30947363926596544,0.5563035495716034,0.6774358537209104,0.6674114532588675,0.6718919231713119,0.6774358537209104,0.8174921149092149,,,,,,
TEC,Rule: disagree → neutral,0.4295934268309959,0.48161993182366514,0.5688564901814297,0.4295934268309959,0.0,0.0,0.0,0.0,0.28810982851170963,0.37626440797792227,0.5657355847286678,0.28810982851170963,0.7202508194385064,,,,,,
GoEmotions,HGNN-Max,0.7133530640668524,0.7373166378177965,0.8160267137365815,0.7133530640668524,0.5356853672643146,0.5651819089114055,0.6058364954966556,0.5356853672643146,0.6647797349862433,0.6956638585493682,0.7637839618868737,0.6647797349862433,0.7951677682552734,mean,32.0,3.0,zero,0.0134133268147706,294.0
GoEmotions,HGNN-Min,0.7137883008356546,0.737686704887041,0.8158639729019047,0.7137883008356546,0.3974551764025448,0.4739575163837984,0.6576927634120128,0.3974551764025448,0.6273046393219696,0.6643607660904881,0.7723358641755941,0.6273046393219696,0.7320451598621169,attention,512.0,2.0,scores,0.0127810509875416,94.0
GoEmotions,HGNN (val-selected),0.7133530640668524,0.737310158608238,0.8160791167094453,0.7133530640668524,0.0522845575477154,0.059556478525832,0.4960224867097743,0.0522845575477154,0.5326207267322349,0.598037074652963,0.7928923371962449,0.5326207267322349,0.7507668954176022,attention,300.0,3.0,zero,0.0090893218293786,136.0
Friends,HGNN-Max,0.7238567883729174,0.7316337569014892,0.7620931146659662,0.7238567883729174,0.4130966952264382,0.373666522104756,0.3595283754293346,0.4130966952264382,0.6372858238854318,0.6468264656130766,0.6720677722105282,0.6372858238854318,0.7960105702838632,mean,32.0,3.0,zero,0.0147273615002632,268.0
Friends,HGNN-Min,0.7239749497814014,0.7316200799401423,0.7615770279207852,0.7239749497814014,0.3237454100367197,0.368182477171166,0.4937766563279536,0.3237454100367197,0.6124797544966328,0.631511594515466,0.689422623968801,0.6124797544966328,0.7296053192396215,mean,64.0,1.0,scores,0.0274225007742643,299.0
Friends,HGNN (val-selected),0.7238567883729174,0.7316507397203856,0.7621345629824231,0.7238567883729174,0.299265605875153,0.3442149869551311,0.4968370702427371,0.299265605875153,0.605574972295627,0.6260980220249908,0.6888048432340569,0.605574972295627,0.7392379166311482,attention,128.0,3.0,scores,0.0091229416429996,182.0
TEC,HGNN-Max,0.4300892477688058,0.4818350063597462,0.5686968675558853,0.4300892477688058,0.3500649069666811,0.2876442019545526,0.3282770075164617,0.3500649069666811,0.4037337893686761,0.4309085893712334,0.4898764689826081,0.4037337893686761,0.7531708707424826,mean,32.0,1.0,zero,0.0371263585984706,298.0
TEC,HGNN-Min,0.4293809321433631,0.4813056214624946,0.5684866986506131,0.4293809321433631,0.1505841627001298,0.1818333589918721,0.3094833136916715,0.1505841627001298,0.3375611609899767,0.3936746928152318,0.5047540060058728,0.3375611609899767,0.67759251341979,attention,512.0,1.0,scores,0.0117645235732197,298.0
TEC,HGNN (val-selected),0.4296642583935401,0.4816310558641944,0.5687313790695845,0.4296642583935401,0.1350064906966681,0.0977447113929805,0.22261248071257,0.1350064906966681,0.3326207781103035,0.3858510541977049,0.5166153744483546,0.3326207781103035,0.7141228445204504,attention,512.0,1.0,zero,0.0106662958860397,299.0
